frame,t,mode,fps,L_body_x,L_body_y,L_body_z,R_body_x,R_body_y,R_body_z,L_tgt_x,R_tgt_x
689,56.845,single_2d,12.1,0.1147,0.0000,-0.4250,-0.3183,-0.0000,-0.1781,-0.0000,-0.0000
690,57.009,single_2d,12.1,0.1148,0.0000,-0.4249,-0.3182,0.0000,-0.1789,-0.0000,-0.0000
691,57.031,single_2d,12.1,0.1146,-0.0000,-0.4257,-0.3182,0.0000,-0.1803,-0.0000,-0.0000
692,57.058,single_2d,12.1,0.1142,0.0000,-0.4270,-0.3171,-0.0000,-0.1814,-0.0000,-0.0000
693,57.220,single_2d,12.1,0.1145,-0.0000,-0.4270,-0.3182,-0.0000,-0.1816,-0.0000,-0.0000
694,57.243,single_2d,12.1,0.1158,0.0000,-0.4260,-0.3193,-0.0000,-0.1814,-0.0000,-0.0000
695,57.267,single_2d,12.2,0.1162,0.0000,-0.4253,-0.3200,-0.0000,-0.1814,-0.0000,-0.0000
696,57.427,single_2d,12.1,0.1161,0.0000,-0.4250,-0.3204,-0.0000,-0.1823,-0.0000,-0.0000
697,57.450,single_2d,12.1,0.1158,-0.0000,-0.4246,-0.3241,0.0000,-0.1812,-0.0000,-0.0000
698,57.473,single_2d,12.2,0.1173,0.0000,-0.4251,-0.3226,-0.0000,-0.1886,-0.0000,-0.0000
699,57.636,single_2d,12.1,0.1192,0.0000,-0.4259,-0.3196,0.0000,-0.1988,-0.0000,-0.0000
700,57.660,single_2d,12.2,0.1252,-0.0000,-0.4293,-0.3148,0.0000,-0.2163,-0.0000,-0.0000
701,57.685,single_2d,12.2,0.1320,-0.0000,-0.4313,-0.3076,0.0000,-0.2416,-0.0000,-0.0000
702,57.844,single_2d,12.2,0.1385,0.0000,-0.4343,-0.2996,0.0000,-0.2694,-0.0000,-0.0000
703,57.867,single_2d,12.2,0.1413,0.0000,-0.4374,-0.2926,-0.0000,-0.2992,-0.0000,-0.0000
704,57.891,single_2d,12.2,0.1410,0.0000,-0.4378,-0.2784,-0.0000,-0.3293,-0.0000,-0.0000
705,58.060,single_2d,12.2,0.1403,0.0000,-0.4366,-0.2610,0.0000,-0.3559,-0.0000,-0.0000
706,58.082,single_2d,12.2,0.1402,0.0000,-0.4359,-0.2441,-0.0000,-0.3780,-0.0000,-0.0000
707,58.107,single_2d,12.2,0.1348,-0.0000,-0.4361,-0.2173,0.0000,-0.3965,-0.0000,-0.0000
708,58.274,single_2d,12.2,0.1300,-0.0000,-0.4384,-0.1897,-0.0000,-0.4127,-0.0000,-0.0000
709,58.296,single_2d,12.2,0.1250,-0.0000,-0.4394,-0.1695,0.0000,-0.4253,-0.0000,-0.0000
710,58.325,single_2d,12.2,0.1193,-0.0000,-0.4378,-0.1459,0.0000,-0.4342,-0.0000,-0.0000
711,58.481,single_2d,12.2,0.1142,-0.0000,-0.4378,-0.1263,-0.0000,-0.4407,-0.0000,-0.0000
712,58.505,single_2d,12.2,0.1090,0.0000,-0.4381,-0.1093,-0.0000,-0.4460,-0.0000,-0.0000
713,58.528,single_2d,12.2,0.1048,-0.0000,-0.4384,-0.0951,-0.0000,-0.4496,-0.0000,-0.0000
714,58.684,single_2d,12.2,0.1007,-0.0000,-0.4372,-0.0826,0.0000,-0.4513,-0.0000,-0.0000
715,58.705,single_2d,12.2,0.0985,0.0000,-0.4366,-0.0725,-0.0000,-0.4532,-0.0000,-0.0000
716,58.728,single_2d,12.2,0.0968,-0.0000,-0.4360,-0.0639,0.0000,-0.4539,-0.0000,-0.0000
717,58.884,single_2d,12.2,0.0953,0.0000,-0.4356,-0.0570,0.0000,-0.4547,-0.0000,-0.0000
718,58.909,single_2d,12.2,0.0935,-0.0000,-0.4351,-0.0516,0.0000,-0.4554,-0.0000,-0.0000
719,58.940,single_2d,12.2,0.0912,-0.0000,-0.4349,-0.0473,0.0000,-0.4561,-0.0000,-0.0000
720,59.105,single_2d,12.2,0.0889,0.0000,-0.4348,-0.0435,0.0000,-0.4566,-0.0000,-0.0000
721,59.129,single_2d,12.2,0.0869,0.0000,-0.4370,-0.0411,0.0000,-0.4579,-0.0000,-0.0000
722,59.152,single_2d,12.2,0.0849,0.0000,-0.4386,-0.0392,0.0000,-0.4593,-0.0000,-0.0000
723,59.315,single_2d,12.2,0.0830,0.0000,-0.4396,-0.0369,-0.0000,-0.4596,-0.0000,-0.0000
724,59.338,single_2d,12.2,0.0819,-0.0000,-0.4405,-0.0350,-0.0000,-0.4588,-0.0000,-0.0000
725,59.364,single_2d,12.2,0.0810,0.0000,-0.4413,-0.0335,0.0000,-0.4583,-0.0000,-0.0000
726,59.524,single_2d,12.2,0.0804,-0.0000,-0.4420,-0.0321,-0.0000,-0.4577,-0.0000,-0.0000
727,59.545,single_2d,12.2,0.0804,0.0000,-0.4418,-0.0302,0.0000,-0.4568,-0.0000,-0.0000
728,59.570,single_2d,12.2,0.0797,-0.0000,-0.4420,-0.0297,0.0000,-0.4567,-0.0000,-0.0000
729,59.730,single_2d,12.2,0.0803,0.0000,-0.4428,-0.0292,0.0000,-0.4577,-0.0000,-0.0000
730,59.754,single_2d,12.2,0.0805,-0.0000,-0.4435,-0.0292,0.0000,-0.4586,-0.0000,-0.0000
731,59.778,single_2d,12.2,0.0809,-0.0000,-0.4440,-0.0290,0.0000,-0.4592,-0.0000,-0.0000
732,59.941,single_2d,12.2,0.0812,-0.0000,-0.4443,-0.0287,-0.0000,-0.4596,-0.0000,-0.0000
733,59.964,single_2d,12.2,0.0814,-0.0000,-0.4433,-0.0281,-0.0000,-0.4593,-0.0000,-0.0000
734,59.989,single_2d,12.3,0.0813,0.0000,-0.4425,-0.0274,0.0000,-0.4591,-0.0000,-0.0000
735,60.146,single_2d,12.2,0.0806,-0.0000,-0.4421,-0.0272,-0.0000,-0.4592,-0.0000,-0.0000
736,60.168,single_2d,12.2,0.0803,0.0000,-0.4420,-0.0264,0.0000,-0.4596,-0.0000,-0.0000
737,60.192,single_2d,12.3,0.0789,-0.0000,-0.4412,-0.0258,0.0000,-0.4592,-0.0000,-0.0000
738,60.351,single_2d,12.2,0.0775,0.0000,-0.4407,-0.0257,0.0000,-0.4590,-0.0000,-0.0000
739,60.373,single_2d,12.3,0.0759,0.0000,-0.4401,-0.0258,-0.0000,-0.4589,-0.0000,-0.0000
740,60.395,single_2d,12.3,0.0733,0.0000,-0.4402,-0.0267,0.0000,-0.4589,-0.0000,-0.0000
741,60.557,single_2d,12.3,0.0715,0.0000,-0.4417,-0.0275,0.0000,-0.4598,-0.0000,-0.0000
742,60.582,single_2d,12.3,0.0702,0.0000,-0.4436,-0.0280,0.0000,-0.4602,-0.0000,-0.0000
743,60.606,single_2d,12.3,0.0687,0.0000,-0.4449,-0.0281,0.0000,-0.4602,-0.0000,-0.0000
744,60.782,single_2d,12.3,0.0667,0.0000,-0.4459,-0.0279,0.0000,-0.4592,-0.0000,-0.0000
745,60.803,single_2d,12.3,0.0647,0.0000,-0.4460,-0.0270,0.0000,-0.4588,-0.0000,-0.0000
746,60.826,single_2d,12.3,0.0633,0.0000,-0.4462,-0.0266,-0.0000,-0.4583,-0.0000,-0.0000
747,60.982,single_2d,12.3,0.0617,0.0000,-0.4466,-0.0260,-0.0000,-0.4577,-0.0000,-0.0000
748,61.004,single_2d,12.3,0.0595,0.0000,-0.4476,-0.0262,0.0000,-0.4568,-0.0000,-0.0000
749,61.051,single_2d,12.3,0.0588,-0.0000,-0.4489,-0.0264,-0.0000,-0.4560,-0.0000,-0.0000
750,61.213,single_2d,12.3,0.0577,-0.0000,-0.4499,-0.0266,-0.0000,-0.4554,-0.0000,-0.0000
751,61.235,single_2d,12.3,0.0578,-0.0000,-0.4503,-0.0268,-0.0000,-0.4546,-0.0000,-0.0000
752,61.258,single_2d,12.3,0.0560,0.0000,-0.4499,-0.0276,-0.0000,-0.4542,-0.0000,-0.0000
753,61.416,single_2d,12.3,0.0547,-0.0000,-0.4496,-0.0284,-0.0000,-0.4541,-0.0000,-0.0000
754,61.440,single_2d,12.3,0.0532,-0.0000,-0.4503,-0.0308,-0.0000,-0.4544,-0.0000,-0.0000
755,61.465,single_2d,12.3,0.0523,-0.0000,-0.4496,-0.0322,-0.0000,-0.4542,-0.0000,-0.0000
756,61.626,single_2d,12.3,0.0524,-0.0000,-0.4495,-0.0330,0.0000,-0.4549,-0.0000,-0.0000
757,61.651,single_2d,12.3,0.0521,0.0000,-0.4500,-0.0338,-0.0000,-0.4553,-0.0000,-0.0000
758,61.678,single_2d,12.3,0.0523,-0.0000,-0.4498,-0.0339,-0.0000,-0.4551,-0.0000,-0.0000
759,61.842,single_2d,12.3,0.0526,-0.0000,-0.4500,-0.0337,-0.0000,-0.4551,-0.0000,-0.0000
760,61.875,single_2d,12.3,0.0538,-0.0000,-0.4502,-0.0333,0.0000,-0.4549,-0.0000,-0.0000
761,61.906,single_2d,12.3,0.0547,-0.0000,-0.4503,-0.0330,0.0000,-0.4547,-0.0000,-0.0000
762,62.059,single_2d,12.3,0.0550,-0.0000,-0.4505,-0.0327,-0.0000,-0.4540,-0.0000,-0.0000
763,62.081,single_2d,12.3,0.0551,0.0000,-0.4504,-0.0328,0.0000,-0.4534,-0.0000,-0.0000
764,62.108,single_2d,12.3,0.0545,0.0000,-0.4500,-0.0330,0.0000,-0.4532,-0.0000,-0.0000
765,62.270,single_2d,12.3,0.0543,0.0000,-0.4497,-0.0328,0.0000,-0.4531,-0.0000,-0.0000
766,62.291,single_2d,12.3,0.0546,0.0000,-0.4493,-0.0323,0.0000,-0.4525,-0.0000,-0.0000
767,62.314,single_2d,12.3,0.0548,0.0000,-0.4490,-0.0319,0.0000,-0.4518,-0.0000,-0.0000
768,62.477,single_2d,12.3,0.0558,0.0000,-0.4495,-0.0311,0.0000,-0.4523,-0.0000,-0.0000
769,62.500,single_2d,12.3,0.0563,0.0000,-0.4499,-0.0304,0.0000,-0.4523,-0.0000,-0.0000
770,62.525,single_2d,12.3,0.0566,0.0000,-0.4503,-0.0299,0.0000,-0.4530,-0.0000,-0.0000
771,62.679,single_2d,12.3,0.0568,0.0000,-0.4508,-0.0294,0.0000,-0.4537,-0.0000,-0.0000
772,62.703,single_2d,12.3,0.0557,0.0000,-0.4515,-0.0294,-0.0000,-0.4558,-0.0000,-0.0000
773,62.728,single_2d,12.3,0.0569,0.0000,-0.4532,-0.0287,-0.0000,-0.4571,-0.0000,-0.0000
774,62.884,single_2d,12.3,0.0582,0.0000,-0.4539,-0.0281,0.0000,-0.4577,-0.0000,-0.0000
775,62.907,single_2d,12.3,0.0573,-0.0000,-0.4540,-0.0284,0.0000,-0.4575,-0.0000,-0.0000
776,62.942,single_2d,12.3,0.0578,0.0000,-0.4548,-0.0285,0.0000,-0.4573,-0.0000,-0.0000
777,63.105,single_2d,12.3,0.0580,0.0000,-0.4549,-0.0284,0.0000,-0.4568,-0.0000,-0.0000
778,63.129,single_2d,12.3,0.0564,0.0000,-0.4547,-0.0287,-0.0000,-0.4563,-0.0000,-0.0000
779,63.153,single_2d,12.4,0.0564,0.0000,-0.4552,-0.0284,-0.0000,-0.4559,-0.0000,-0.0000
780,63.312,single_2d,12.3,0.0563,0.0000,-0.4555,-0.0283,0.0000,-0.4556,-0.0000,-0.0000
781,63.335,single_2d,12.3,0.0566,-0.0000,-0.4558,-0.0281,0.0000,-0.4554,-0.0000,-0.0000
782,63.357,single_2d,12.4,0.0573,0.0000,-0.4560,-0.0280,0.0000,-0.4553,-0.0000,-0.0000
783,63.515,single_2d,12.3,0.0565,-0.0000,-0.4554,-0.0285,-0.0000,-0.4558,-0.0000,-0.0000
784,63.539,single_2d,12.4,0.0560,-0.0000,-0.4548,-0.0292,0.0000,-0.4561,-0.0000,-0.0000
785,63.563,single_2d,12.4,0.0555,0.0000,-0.4544,-0.0297,-0.0000,-0.4563,-0.0000,-0.0000
786,63.720,single_2d,12.4,0.0553,-0.0000,-0.4528,-0.0300,-0.0000,-0.4564,-0.0000,-0.0000
787,63.744,single_2d,12.4,0.0547,-0.0000,-0.4517,-0.0302,-0.0000,-0.4564,-0.0000,-0.0000
788,63.773,single_2d,12.4,0.0545,-0.0000,-0.4515,-0.0304,-0.0000,-0.4569,-0.0000,-0.0000
789,63.939,single_2d,12.4,0.0533,0.0000,-0.4495,-0.0305,-0.0000,-0.4564,-0.0000,-0.0000
790,63.962,single_2d,12.4,0.0532,-0.0000,-0.4483,-0.0303,-0.0000,-0.4567,-0.0000,-0.0000
791,63.987,single_2d,12.4,0.0535,-0.0000,-0.4473,-0.0298,-0.0000,-0.4571,-0.0000,-0.0000
792,64.143,single_2d,12.4,0.0533,0.0000,-0.4464,-0.0295,0.0000,-0.4570,-0.0000,-0.0000
793,64.167,single_2d,12.4,0.0531,-0.0000,-0.4478,-0.0296,-0.0000,-0.4569,-0.0000,-0.0000
794,64.192,single_2d,12.4,0.0534,0.0000,-0.4483,-0.0292,-0.0000,-0.4568,-0.0000,-0.0000
795,64.349,single_2d,12.4,0.0541,0.0000,-0.4492,-0.0285,-0.0000,-0.4569,-0.0000,-0.0000
796,64.374,single_2d,12.4,0.0555,0.0000,-0.4497,-0.0279,0.0000,-0.4573,-0.0000,-0.0000
797,64.400,single_2d,12.4,0.0556,0.0000,-0.4495,-0.0279,0.0000,-0.4574,-0.0000,-0.0000
798,64.561,single_2d,12.4,0.0552,0.0000,-0.4488,-0.0280,0.0000,-0.4568,-0.0000,-0.0000
799,64.583,single_2d,12.4,0.0554,0.0000,-0.4492,-0.0277,0.0000,-0.4564,-0.0000,-0.0000
800,64.608,single_2d,12.4,0.0557,0.0000,-0.4492,-0.0277,-0.0000,-0.4554,-0.0000,-0.0000
801,64.786,single_2d,12.4,0.0559,-0.0000,-0.4485,-0.0279,-0.0000,-0.4548,-0.0000,-0.0000
802,64.807,single_2d,12.4,0.0562,0.0000,-0.4480,-0.0281,0.0000,-0.4541,-0.0000,-0.0000
803,64.830,single_2d,12.4,0.0570,0.0000,-0.4485,-0.0278,0.0000,-0.4541,-0.0000,-0.0000
804,64.988,single_2d,12.4,0.0575,0.0000,-0.4493,-0.0278,-0.0000,-0.4546,-0.0000,-0.0000
805,65.012,single_2d,12.4,0.0577,-0.0000,-0.4497,-0.0277,-0.0000,-0.4547,-0.0000,-0.0000
806,65.053,single_2d,12.4,0.0565,-0.0000,-0.4506,-0.0284,-0.0000,-0.4554,-0.0000,-0.0000
807,65.214,single_2d,12.4,0.0558,-0.0000,-0.4520,-0.0292,-0.0000,-0.4565,-0.0000,-0.0000
808,65.238,single_2d,12.4,0.0552,0.0000,-0.4526,-0.0298,-0.0000,-0.4581,-0.0000,-0.0000
809,65.263,single_2d,12.4,0.0550,0.0000,-0.4536,-0.0305,-0.0000,-0.4594,-0.0000,-0.0000
810,65.417,single_2d,12.4,0.0548,0.0000,-0.4544,-0.0311,0.0000,-0.4610,-0.0000,-0.0000
811,65.441,single_2d,12.4,0.0544,0.0000,-0.4555,-0.0325,0.0000,-0.4619,-0.0000,-0.0000
812,65.468,single_2d,12.4,0.0538,0.0000,-0.4563,-0.0343,0.0000,-0.4626,-0.0000,-0.0000
813,65.628,single_2d,12.4,0.0538,0.0000,-0.4582,-0.0367,-0.0000,-0.4629,-0.0000,-0.0000
814,65.651,single_2d,12.4,0.0539,0.0000,-0.4596,-0.0397,0.0000,-0.4629,-0.0000,-0.0000
815,65.676,single_2d,12.4,0.0542,-0.0000,-0.4610,-0.0436,-0.0000,-0.4636,-0.0000,-0.0000
816,65.840,single_2d,12.4,0.0540,0.0000,-0.4612,-0.0489,0.0000,-0.4633,-0.0000,-0.0000
817,65.862,single_2d,12.4,0.0546,0.0000,-0.4614,-0.0544,0.0000,-0.4606,-0.0000,-0.0000
818,65.886,single_2d,12.4,0.0551,0.0000,-0.4615,-0.0592,-0.0000,-0.4586,-0.0000,-0.0000
819,66.051,single_2d,12.4,0.0554,-0.0000,-0.4614,-0.0638,-0.0000,-0.4568,-0.0000,-0.0000
820,66.074,single_2d,12.4,0.0555,-0.0000,-0.4611,-0.0694,-0.0000,-0.4567,-0.0000,-0.0000
821,66.098,single_2d,12.4,0.0545,0.0000,-0.4612,-0.0760,0.0000,-0.4567,-0.0000,-0.0000
822,66.255,single_2d,12.4,0.0538,0.0000,-0.4612,-0.0821,0.0000,-0.4569,-0.0000,-0.0000
823,66.279,single_2d,12.4,0.0531,-0.0000,-0.4613,-0.0886,0.0000,-0.4573,-0.0000,-0.0000
824,66.302,single_2d,12.4,0.0523,-0.0000,-0.4610,-0.0970,-0.0000,-0.4582,-0.0000,-0.0000
825,66.464,single_2d,12.4,0.0509,-0.0000,-0.4600,-0.1048,-0.0000,-0.4585,-0.0000,-0.0000
826,66.486,single_2d,12.4,0.0515,0.0000,-0.4596,-0.1123,0.0000,-0.4582,-0.0000,-0.0000
827,66.509,single_2d,12.4,0.0516,-0.0000,-0.4583,-0.1197,0.0000,-0.4574,-0.0000,-0.0000
828,66.677,single_2d,12.4,0.0519,0.0000,-0.4573,-0.1277,0.0000,-0.4567,-0.0000,-0.0000
829,66.713,single_2d,12.4,0.0497,-0.0000,-0.4568,-0.1353,0.0000,-0.4562,-0.0000,-0.0000
830,66.739,single_2d,12.5,0.0476,-0.0000,-0.4563,-0.1429,-0.0000,-0.4547,-0.0000,-0.0000
831,66.891,single_2d,12.4,0.0457,-0.0000,-0.4555,-0.1497,0.0000,-0.4532,-0.0000,-0.0000
832,66.916,single_2d,12.4,0.0450,0.0000,-0.4553,-0.1567,0.0000,-0.4517,-0.0000,-0.0000
833,66.941,single_2d,12.5,0.0444,0.0000,-0.4552,-0.1647,0.0000,-0.4497,-0.0000,-0.0000
834,67.106,single_2d,12.4,0.0439,-0.0000,-0.4547,-0.1714,0.0000,-0.4473,-0.0000,-0.0000
835,67.129,single_2d,12.5,0.0467,-0.0000,-0.4554,-0.1773,-0.0000,-0.4437,-0.0000,-0.0000
836,67.154,single_2d,12.5,0.0492,-0.0000,-0.4565,-0.1827,-0.0000,-0.4404,-0.0000,-0.0000
837,67.315,single_2d,12.4,0.0497,-0.0000,-0.4561,-0.1877,-0.0000,-0.4369,-0.0000,-0.0000
838,67.338,single_2d,12.5,0.0512,0.0000,-0.4557,-0.1948,0.0000,-0.4339,-0.0000,-0.0000
839,67.361,single_2d,12.5,0.0517,-0.0000,-0.4544,-0.2023,-0.0000,-0.4314,-0.0000,-0.0000
840,67.517,single_2d,12.5,0.0526,-0.0000,-0.4536,-0.2093,-0.0000,-0.4270,-0.0000,-0.0000
841,67.540,single_2d,12.5,0.0513,0.0000,-0.4518,-0.2164,0.0000,-0.4223,-0.0000,-0.0000
842,67.564,single_2d,12.5,0.0500,-0.0000,-0.4503,-0.2242,-0.0000,-0.4183,-0.0000,-0.0000
843,67.723,single_2d,12.5,0.0488,0.0000,-0.4488,-0.2320,0.0000,-0.4151,-0.0000,-0.0000
844,67.755,single_2d,12.5,0.0475,0.0000,-0.4478,-0.2396,-0.0000,-0.4116,-0.0000,-0.0000
845,67.784,single_2d,12.5,0.0465,-0.0000,-0.4470,-0.2471,0.0000,-0.4074,-0.0000,-0.0000
846,67.937,single_2d,12.5,0.0470,-0.0000,-0.4462,-0.2540,-0.0000,-0.4033,-0.0000,-0.0000
847,67.958,single_2d,12.5,0.0455,-0.0000,-0.4456,-0.2631,-0.0000,-0.3991,-0.0000,-0.0000
848,67.983,single_2d,12.5,0.0456,0.0000,-0.4462,-0.2715,0.0000,-0.3944,-0.0000,-0.0000
849,68.142,single_2d,12.5,0.0466,-0.0000,-0.4471,-0.2786,-0.0000,-0.3892,-0.0000,-0.0000
850,68.166,single_2d,12.5,0.0478,0.0000,-0.4476,-0.2852,0.0000,-0.3849,-0.0000,-0.0000
851,68.188,single_2d,12.5,0.0496,-0.0000,-0.4478,-0.2914,-0.0000,-0.3791,-0.0000,-0.0000
852,68.347,single_2d,12.5,0.0508,-0.0000,-0.4467,-0.2974,-0.0000,-0.3724,-0.0000,-0.0000
853,68.369,single_2d,12.5,0.0519,0.0000,-0.4457,-0.3032,0.0000,-0.3658,-0.0000,-0.0000
854,68.393,single_2d,12.5,0.0527,-0.0000,-0.4449,-0.3084,-0.0000,-0.3596,-0.0000,-0.0000
855,68.552,single_2d,12.5,0.0544,-0.0000,-0.4443,-0.3127,0.0000,-0.3537,-0.0000,-0.0000
856,68.575,single_2d,12.5,0.0557,0.0000,-0.4439,-0.3168,-0.0000,-0.3487,-0.0000,-0.0000
857,68.603,single_2d,12.5,0.0576,0.0000,-0.4428,-0.3214,-0.0000,-0.3437,-0.0000,-0.0000
858,68.782,single_2d,12.5,0.0593,-0.0000,-0.4438,-0.3264,-0.0000,-0.3390,-0.0000,-0.0000
859,68.804,single_2d,12.5,0.0597,0.0000,-0.4434,-0.3311,0.0000,-0.3338,-0.0000,-0.0000
860,68.828,single_2d,12.5,0.0602,-0.0000,-0.4431,-0.3356,-0.0000,-0.3279,-0.0000,-0.0000
861,68.984,single_2d,12.5,0.0612,-0.0000,-0.4425,-0.3397,-0.0000,-0.3210,-0.0000,-0.0000
862,69.007,single_2d,12.5,0.0639,-0.0000,-0.4426,-0.3453,-0.0000,-0.3146,-0.0000,-0.0000
863,69.052,single_2d,12.5,0.0666,-0.0000,-0.4422,-0.3502,-0.0000,-0.3072,-0.0000,-0.0000
864,69.218,single_2d,12.5,0.0681,0.0000,-0.4394,-0.3547,0.0000,-0.2985,-0.0000,-0.0000
865,69.240,single_2d,12.5,0.0710,-0.0000,-0.4392,-0.3580,-0.0000,-0.2910,-0.0000,-0.0000
866,69.264,single_2d,12.5,0.0732,-0.0000,-0.4400,-0.3608,-0.0000,-0.2843,-0.0000,-0.0000
867,69.418,single_2d,12.5,0.0748,0.0000,-0.4403,-0.3633,0.0000,-0.2772,-0.0000,-0.0000
868,69.440,single_2d,12.5,0.0749,-0.0000,-0.4405,-0.3657,-0.0000,-0.2697,-0.0000,-0.0000
869,69.464,single_2d,12.5,0.0757,0.0000,-0.4410,-0.3691,0.0000,-0.2608,-0.0000,-0.0000
870,69.621,single_2d,12.5,0.0781,0.0000,-0.4430,-0.3731,0.0000,-0.2519,-0.0000,-0.0000
871,69.644,single_2d,12.5,0.0800,0.0000,-0.4439,-0.3775,0.0000,-0.2417,-0.0000,-0.0000
872,69.677,single_2d,12.5,0.0824,0.0000,-0.4452,-0.3837,0.0000,-0.2272,-0.0000,-0.0000
873,69.841,single_2d,12.5,0.0855,0.0000,-0.4457,-0.3886,0.0000,-0.2135,-0.0000,-0.0000
874,69.863,single_2d,12.5,0.0869,0.0000,-0.4455,-0.3946,-0.0000,-0.1995,-0.0000,-0.0000
875,69.885,single_2d,12.5,0.0891,0.0000,-0.4459,-0.3993,0.0000,-0.1852,-0.0000,-0.0000
876,70.048,single_2d,12.5,0.0918,-0.0000,-0.4464,-0.4031,0.0000,-0.1715,-0.0000,-0.0000
877,70.072,single_2d,12.5,0.0933,-0.0000,-0.4481,-0.4065,0.0000,-0.1582,-0.0000,-0.0000
878,70.096,single_2d,12.5,0.0950,0.0000,-0.4498,-0.4092,-0.0000,-0.1445,-0.0000,-0.0000
879,70.255,single_2d,12.5,0.0953,-0.0000,-0.4521,-0.4127,0.0000,-0.1321,-0.0000,-0.0000
880,70.278,single_2d,12.5,0.0977,-0.0000,-0.4542,-0.4152,-0.0000,-0.1219,-0.0000,-0.0000
881,70.301,single_2d,12.5,0.0979,0.0000,-0.4560,-0.4144,-0.0000,-0.1099,-0.0000,-0.0000
882,70.461,single_2d,12.5,0.0983,-0.0000,-0.4576,-0.4149,0.0000,-0.0998,-0.0000,-0.0000
883,70.483,single_2d,12.5,0.0988,0.0000,-0.4589,-0.4144,-0.0000,-0.0900,-0.0000,-0.0000
884,70.507,single_2d,12.6,0.0989,-0.0000,-0.4596,-0.4145,-0.0000,-0.0791,-0.0000,-0.0000
885,70.672,single_2d,12.5,0.0988,0.0000,-0.4604,-0.4140,0.0000,-0.0685,-0.0000,-0.0000
886,70.694,single_2d,12.5,0.0992,0.0000,-0.4602,-0.4144,-0.0000,-0.0583,-0.0000,-0.0000
887,70.718,single_2d,12.6,0.0995,-0.0000,-0.4600,-0.4149,0.0000,-0.0489,-0.0000,-0.0000
888,70.884,single_2d,12.5,0.0994,0.0000,-0.4598,-0.4152,-0.0000,-0.0378,-0.0000,-0.0000
889,70.906,single_2d,12.6,0.0989,0.0000,-0.4600,-0.4132,0.0000,-0.0288,-0.0000,-0.0000
890,70.928,single_2d,12.6,0.0962,-0.0000,-0.4593,-0.4109,0.0000,-0.0170,-0.0000,-0.0000
891,71.085,single_2d,12.5,0.0944,-0.0000,-0.4582,-0.4093,0.0000,-0.0052,-0.0000,-0.0000
892,71.108,single_2d,12.6,0.0935,0.0000,-0.4570,-0.4089,-0.0000,0.0084,-0.0000,-0.0000
893,71.135,single_2d,12.6,0.0928,0.0000,-0.4561,-0.4082,-0.0000,0.0223,-0.0000,-0.0000
894,71.295,single_2d,12.6,0.0922,0.0000,-0.4555,-0.4069,-0.0000,0.0361,-0.0000,-0.0000
895,71.317,single_2d,12.6,0.0921,-0.0000,-0.4550,-0.4036,0.0000,0.0487,-0.0000,-0.0000
896,71.339,single_2d,12.6,0.0917,0.0000,-0.4543,-0.3984,-0.0000,0.0623,-0.0000,-0.0000
897,71.507,single_2d,12.6,0.0908,0.0000,-0.4542,-0.3914,-0.0000,0.0760,-0.0000,-0.0000
898,71.543,single_2d,12.6,0.0897,-0.0000,-0.4548,-0.3835,0.0000,0.0892,-0.0000,-0.0000
899,71.578,single_2d,12.6,0.0917,0.0000,-0.4564,-0.3783,0.0000,0.1125,-0.0000,-0.0000
900,71.727,single_2d,12.6,0.0930,0.0000,-0.4580,-0.3690,0.0000,0.1292,-0.0000,-0.0000
901,71.748,single_2d,12.6,0.0931,-0.0000,-0.4592,-0.3578,0.0000,0.1433,-0.0000,-0.0000
902,71.772,single_2d,12.6,0.0921,-0.0000,-0.4611,-0.3435,-0.0000,0.1613,-0.0000,-0.0000
903,71.942,single_2d,12.6,0.0923,-0.0000,-0.4625,-0.3306,0.0000,0.1757,-0.0000,-0.0000
904,71.967,single_2d,12.6,0.0949,0.0000,-0.4646,-0.3277,-0.0000,0.1994,-0.0000,-0.0000
905,71.995,single_2d,12.6,0.0966,-0.0000,-0.4656,-0.3220,0.0000,0.2193,-0.0000,-0.0000
906,72.167,single_2d,12.6,0.0974,0.0000,-0.4663,-0.3175,0.0000,0.2393,-0.0000,-0.0000
907,72.191,single_2d,12.6,0.0979,-0.0000,-0.4667,-0.3101,0.0000,0.2536,-0.0000,-0.0000
908,72.219,single_2d,12.6,0.0981,0.0000,-0.4667,-0.2960,-0.0000,0.2710,-0.0000,-0.0000
909,72.387,single_2d,12.6,0.0968,0.0000,-0.4658,-0.2788,0.0000,0.2869,-0.0000,-0.0000
910,72.408,single_2d,12.6,0.0944,-0.0000,-0.4638,-0.2610,0.0000,0.2994,-0.0000,-0.0000
911,72.434,single_2d,12.6,0.0912,-0.0000,-0.4617,-0.2431,0.0000,0.3109,-0.0000,-0.0000
912,72.601,single_2d,12.6,0.0867,0.0000,-0.4594,-0.2282,0.0000,0.3213,-0.0000,-0.0000
913,72.623,single_2d,12.6,0.0831,0.0000,-0.4549,-0.2171,0.0000,0.3331,-0.0000,-0.0000
914,72.651,single_2d,12.6,0.0782,0.0000,-0.4526,-0.2004,-0.0000,0.3435,-0.0000,-0.0000
915,72.815,single_2d,12.6,0.0717,0.0000,-0.4497,-0.1840,0.0000,0.3510,-0.0000,-0.0000
916,72.836,single_2d,12.6,0.0665,-0.0000,-0.4458,-0.1682,-0.0000,0.3580,-0.0000,-0.0000
917,72.858,single_2d,12.6,0.0615,-0.0000,-0.4420,-0.1542,0.0000,0.3644,-0.0000,-0.0000
918,73.008,single_2d,12.6,0.0569,-0.0000,-0.4384,-0.1438,-0.0000,0.3697,-0.0000,-0.0000
919,73.029,single_2d,12.6,0.0541,-0.0000,-0.4342,-0.1329,0.0000,0.3738,-0.0000,-0.0000
920,73.054,single_2d,12.6,0.0523,-0.0000,-0.4312,-0.1225,0.0000,0.3765,-0.0000,-0.0000
921,73.208,single_2d,12.6,0.0505,0.0000,-0.4293,-0.1156,-0.0000,0.3811,-0.0000,-0.0000
922,73.230,single_2d,12.6,0.0468,0.0000,-0.4252,-0.1086,0.0000,0.3838,-0.0000,-0.0000
923,73.253,single_2d,12.6,0.0443,-0.0000,-0.4225,-0.1021,0.0000,0.3856,-0.0000,-0.0000
924,73.408,single_2d,12.6,0.0425,0.0000,-0.4209,-0.0955,0.0000,0.3875,-0.0000,-0.0000
925,73.432,single_2d,12.6,0.0422,0.0000,-0.4198,-0.0897,-0.0000,0.3901,-0.0000,-0.0000
926,73.458,single_2d,12.6,0.0419,0.0000,-0.4191,-0.0851,-0.0000,0.3929,-0.0000,-0.0000
927,73.616,single_2d,12.6,0.0415,0.0000,-0.4185,-0.0816,-0.0000,0.3936,-0.0000,-0.0000
928,73.638,single_2d,12.6,0.0410,0.0000,-0.4178,-0.0790,-0.0000,0.3942,-0.0000,-0.0000
929,73.663,single_2d,12.6,0.0403,0.0000,-0.4173,-0.0773,-0.0000,0.3959,-0.0000,-0.0000
930,73.819,single_2d,12.6,0.0396,0.0000,-0.4168,-0.0761,-0.0000,0.3970,-0.0000,-0.0000
931,73.842,single_2d,12.6,0.0385,0.0000,-0.4157,-0.0754,0.0000,0.3976,-0.0000,-0.0000
932,73.868,single_2d,12.6,0.0386,0.0000,-0.4157,-0.0748,-0.0000,0.3981,-0.0000,-0.0000
933,74.027,single_2d,12.6,0.0385,0.0000,-0.4160,-0.0739,-0.0000,0.3986,-0.0000,-0.0000
934,74.051,single_2d,12.6,0.0394,-0.0000,-0.4158,-0.0750,-0.0000,0.3995,-0.0000,-0.0000
935,74.077,single_2d,12.6,0.0397,-0.0000,-0.4159,-0.0743,0.0000,0.3993,-0.0000,-0.0000
936,74.242,single_2d,12.6,0.0394,0.0000,-0.4151,-0.0740,0.0000,0.4007,-0.0000,-0.0000
937,74.265,single_2d,12.6,0.0395,-0.0000,-0.4152,-0.0740,0.0000,0.3999,-0.0000,-0.0000
938,74.293,single_2d,12.6,0.0395,0.0000,-0.4159,-0.0735,-0.0000,0.3994,-0.0000,-0.0000
939,74.450,single_2d,12.6,0.0397,-0.0000,-0.4166,-0.0735,0.0000,0.3998,-0.0000,-0.0000
940,74.473,single_2d,12.6,0.0392,0.0000,-0.4163,-0.0738,0.0000,0.4000,-0.0000,-0.0000
941,74.499,single_2d,12.6,0.0386,0.0000,-0.4160,-0.0738,0.0000,0.4002,-0.0000,-0.0000
942,74.660,single_2d,12.6,0.0383,-0.0000,-0.4162,-0.0733,0.0000,0.4007,-0.0000,-0.0000
943,74.682,single_2d,12.6,0.0380,0.0000,-0.4157,-0.0729,-0.0000,0.4004,-0.0000,-0.0000
944,74.716,single_2d,12.6,0.0375,-0.0000,-0.4155,-0.0730,0.0000,0.4003,-0.0000,-0.0000
945,74.878,single_2d,12.6,0.0370,-0.0000,-0.4154,-0.0724,0.0000,0.3999,-0.0000,-0.0000
946,74.901,single_2d,12.6,0.0366,0.0000,-0.4155,-0.0727,0.0000,0.3990,-0.0000,-0.0000
947,74.925,single_2d,12.7,0.0360,-0.0000,-0.4154,-0.0732,0.0000,0.3990,-0.0000,-0.0000
948,75.088,single_2d,12.6,0.0354,0.0000,-0.4153,-0.0741,-0.0000,0.3994,-0.0000,-0.0000
949,75.111,single_2d,12.6,0.0350,-0.0000,-0.4157,-0.0755,0.0000,0.4008,-0.0000,-0.0000
950,75.135,single_2d,12.7,0.0348,0.0000,-0.4155,-0.0764,0.0000,0.4008,-0.0000,-0.0000
951,75.301,single_2d,12.6,0.0358,-0.0000,-0.4156,-0.0767,0.0000,0.3999,-0.0000,-0.0000
952,75.324,single_2d,12.7,0.0368,0.0000,-0.4146,-0.0760,0.0000,0.4011,-0.0000,-0.0000
953,75.347,single_2d,12.7,0.0377,-0.0000,-0.4143,-0.0749,0.0000,0.4018,-0.0000,-0.0000
954,75.509,single_2d,12.6,0.0384,-0.0000,-0.4140,-0.0741,0.0000,0.4023,-0.0000,-0.0000
955,75.533,single_2d,12.7,0.0377,0.0000,-0.4143,-0.0754,-0.0000,0.4023,-0.0000,-0.0000
956,75.557,single_2d,12.7,0.0372,-0.0000,-0.4144,-0.0758,-0.0000,0.4028,-0.0000,-0.0000
957,75.718,single_2d,12.7,0.0375,-0.0000,-0.4147,-0.0751,0.0000,0.4031,-0.0000,-0.0000
958,75.741,single_2d,12.7,0.0383,0.0000,-0.4162,-0.0753,-0.0000,0.4024,-0.0000,-0.0000
959,75.771,single_2d,12.7,0.0384,0.0000,-0.4164,-0.0742,0.0000,0.4021,-0.0000,-0.0000
960,75.940,single_2d,12.7,0.0385,0.0000,-0.4163,-0.0731,-0.0000,0.4020,-0.0000,-0.0000
961,75.962,single_2d,12.7,0.0390,-0.0000,-0.4168,-0.0729,-0.0000,0.4016,-0.0000,-0.0000
962,75.986,single_2d,12.7,0.0391,0.0000,-0.4166,-0.0730,0.0000,0.4015,-0.0000,-0.0000
963,76.149,single_2d,12.7,0.0392,-0.0000,-0.4163,-0.0726,-0.0000,0.4015,-0.0000,-0.0000
964,76.171,single_2d,12.7,0.0395,0.0000,-0.4164,-0.0722,-0.0000,0.4016,-0.0000,-0.0000
965,76.203,single_2d,12.7,0.0398,-0.0000,-0.4160,-0.0718,-0.0000,0.4029,-0.0000,-0.0000
966,76.395,single_2d,12.7,0.0398,0.0000,-0.4157,-0.0733,0.0000,0.4024,-0.0000,-0.0000
967,76.416,single_2d,12.7,0.0388,-0.0000,-0.4161,-0.0732,-0.0000,0.4018,-0.0000,-0.0000
968,76.444,single_2d,12.7,0.0384,-0.0000,-0.4160,-0.0745,-0.0000,0.4012,-0.0000,-0.0000
969,76.608,single_2d,12.7,0.0384,-0.0000,-0.4158,-0.0757,-0.0000,0.4008,-0.0000,-0.0000
970,76.631,single_2d,12.7,0.0425,0.0000,-0.4165,-0.0753,0.0000,0.4019,-0.0000,-0.0000
971,76.654,single_2d,12.7,0.0454,0.0000,-0.4171,-0.0747,0.0000,0.4014,-0.0000,-0.0000
972,76.816,single_2d,12.7,0.0470,0.0000,-0.4172,-0.0741,0.0000,0.4020,-0.0000,-0.0000
973,76.839,single_2d,12.7,0.0462,-0.0000,-0.4164,-0.0741,-0.0000,0.4006,-0.0000,-0.0000
974,76.862,single_2d,12.7,0.0452,-0.0000,-0.4166,-0.0744,-0.0000,0.3990,-0.0000,-0.0000
975,77.022,single_2d,12.7,0.0444,0.0000,-0.4166,-0.0747,0.0000,0.3976,-0.0000,-0.0000
976,77.044,single_2d,12.7,0.0425,-0.0000,-0.4169,-0.0744,0.0000,0.4001,-0.0000,-0.0000
977,77.068,single_2d,12.7,0.0406,0.0000,-0.4167,-0.0746,-0.0000,0.4002,-0.0000,-0.0000
978,77.230,single_2d,12.7,0.0395,-0.0000,-0.4168,-0.0748,0.0000,0.4002,-0.0000,-0.0000
979,77.253,single_2d,12.7,0.0388,0.0000,-0.4158,-0.0740,-0.0000,0.4000,-0.0000,-0.0000
980,77.277,single_2d,12.7,0.0381,-0.0000,-0.4152,-0.0733,-0.0000,0.3999,-0.0000,-0.0000
981,77.445,single_2d,12.7,0.0377,0.0000,-0.4145,-0.0728,-0.0000,0.3998,-0.0000,-0.0000
982,77.466,single_2d,12.7,0.0377,-0.0000,-0.4149,-0.0753,-0.0000,0.4023,-0.0000,-0.0000
983,77.492,single_2d,12.7,0.0381,0.0000,-0.4147,-0.0760,0.0000,0.4045,-0.0000,-0.0000
984,77.653,single_2d,12.7,0.0385,-0.0000,-0.4140,-0.0770,0.0000,0.4053,-0.0000,-0.0000
985,77.675,single_2d,12.7,0.0384,0.0000,-0.4147,-0.0798,0.0000,0.4055,-0.0000,-0.0000
986,77.708,single_2d,12.7,0.0387,-0.0000,-0.4150,-0.0815,-0.0000,0.4048,-0.0000,-0.0000
987,77.871,single_2d,12.7,0.0391,-0.0000,-0.4149,-0.0817,-0.0000,0.4029,-0.0000,-0.0000
988,77.894,single_2d,12.7,0.0384,-0.0000,-0.4153,-0.0830,0.0000,0.4030,-0.0000,-0.0000
989,77.917,single_2d,12.7,0.0385,0.0000,-0.4156,-0.0856,0.0000,0.4022,-0.0000,-0.0000
990,78.079,single_2d,12.7,0.0385,0.0000,-0.4151,-0.0879,-0.0000,0.4006,-0.0000,-0.0000
991,78.102,single_2d,12.7,0.0404,0.0000,-0.4156,-0.0891,0.0000,0.3977,-0.0000,-0.0000
992,78.125,single_2d,12.7,0.0418,-0.0000,-0.4165,-0.0916,0.0000,0.3951,-0.0000,-0.0000
993,78.285,single_2d,12.7,0.0425,0.0000,-0.4171,-0.0948,-0.0000,0.3923,-0.0000,-0.0000
994,78.308,single_2d,12.7,0.0444,0.0000,-0.4178,-0.0992,0.0000,0.3901,-0.0000,-0.0000
995,78.333,single_2d,12.7,0.0468,0.0000,-0.4186,-0.1051,0.0000,0.3871,-0.0000,-0.0000
996,78.493,single_2d,12.7,0.0487,0.0000,-0.4194,-0.1108,-0.0000,0.3844,-0.0000,-0.0000
997,78.516,single_2d,12.7,0.0499,-0.0000,-0.4214,-0.1174,0.0000,0.3818,-0.0000,-0.0000
998,78.546,single_2d,12.7,0.0511,-0.0000,-0.4232,-0.1244,0.0000,0.3781,-0.0000,-0.0000
999,78.705,single_2d,12.7,0.0517,0.0000,-0.4246,-0.1304,-0.0000,0.3748,-0.0000,-0.0000
1000,78.738,single_2d,12.7,0.0519,-0.0000,-0.4257,-0.1359,-0.0000,0.3721,-0.0000,-0.0000
1001,78.767,single_2d,12.7,0.0528,-0.0000,-0.4268,-0.1411,0.0000,0.3683,-0.0000,-0.0000
1002,78.920,single_2d,12.7,0.0542,-0.0000,-0.4279,-0.1478,0.0000,0.3672,-0.0000,-0.0000
1003,78.943,single_2d,12.7,0.0568,-0.0000,-0.4302,-0.1534,-0.0000,0.3652,-0.0000,-0.0000
1004,78.971,single_2d,12.7,0.0589,0.0000,-0.4317,-0.1610,0.0000,0.3633,-0.0000,-0.0000
1005,79.135,single_2d,12.7,0.0601,0.0000,-0.4339,-0.1701,-0.0000,0.3614,-0.0000,-0.0000
1006,79.158,single_2d,12.7,0.0620,-0.0000,-0.4365,-0.1786,0.0000,0.3581,-0.0000,-0.0000
1007,79.181,single_2d,12.7,0.0646,0.0000,-0.4391,-0.1875,0.0000,0.3554,-0.0000,-0.0000
1008,79.341,single_2d,12.7,0.0678,-0.0000,-0.4414,-0.1954,-0.0000,0.3524,-0.0000,-0.0000
1009,79.364,single_2d,12.7,0.0705,-0.0000,-0.4434,-0.2035,0.0000,0.3465,-0.0000,-0.0000
1010,79.388,single_2d,12.7,0.0732,-0.0000,-0.4452,-0.2115,0.0000,0.3413,-0.0000,-0.0000
1011,79.550,single_2d,12.7,0.0766,-0.0000,-0.4484,-0.2226,0.0000,0.3360,-0.0000,-0.0000
1012,79.573,single_2d,12.7,0.0801,-0.0000,-0.4518,-0.2341,0.0000,0.3289,-0.0000,-0.0000
1013,79.596,single_2d,12.7,0.0828,0.0000,-0.4547,-0.2430,-0.0000,0.3227,-0.0000,-0.0000
1014,79.754,single_2d,12.7,0.0855,0.0000,-0.4573,-0.2504,-0.0000,0.3177,-0.0000,-0.0000
1015,79.778,single_2d,12.7,0.0878,-0.0000,-0.4591,-0.2572,-0.0000,0.3137,-0.0000,-0.0000
1016,79.805,single_2d,12.7,0.0897,0.0000,-0.4607,-0.2683,0.0000,0.3101,-0.0000,-0.0000
1017,79.989,single_2d,12.7,0.0914,0.0000,-0.4622,-0.2723,0.0000,0.3013,-0.0000,-0.0000
1018,80.011,single_2d,12.7,0.0927,-0.0000,-0.4637,-0.2767,0.0000,0.2940,-0.0000,-0.0000
1019,80.044,single_2d,12.7,0.0937,-0.0000,-0.4649,-0.2834,-0.0000,0.2823,-0.0000,-0.0000
1020,80.205,single_2d,12.7,0.0946,-0.0000,-0.4656,-0.2934,-0.0000,0.2744,-0.0000,-0.0000
1021,80.227,single_2d,12.7,0.0951,0.0000,-0.4667,-0.3003,0.0000,0.2637,-0.0000,-0.0000
1022,80.250,single_2d,12.7,0.0955,0.0000,-0.4666,-0.3066,0.0000,0.2548,-0.0000,-0.0000
1023,80.423,single_2d,12.7,0.0950,0.0000,-0.4664,-0.3117,0.0000,0.2456,-0.0000,-0.0000
1024,80.447,single_2d,12.7,0.0934,-0.0000,-0.4646,-0.3149,0.0000,0.2363,-0.0000,-0.0000
1025,80.477,single_2d,12.7,0.0922,-0.0000,-0.4620,-0.3224,-0.0000,0.2237,-0.0000,-0.0000
1026,80.653,single_2d,12.7,0.0913,-0.0000,-0.4594,-0.3298,-0.0000,0.2098,-0.0000,-0.0000
1027,80.686,single_2d,12.7,0.0908,0.0000,-0.4571,-0.3368,0.0000,0.1996,-0.0000,-0.0000
1028,80.719,single_2d,12.7,0.0909,0.0000,-0.4561,-0.3451,0.0000,0.1892,-0.0000,-0.0000
1029,80.876,single_2d,12.7,0.0911,-0.0000,-0.4557,-0.3522,-0.0000,0.1807,-0.0000,-0.0000
1030,80.900,single_2d,12.7,0.0916,-0.0000,-0.4556,-0.3593,0.0000,0.1704,-0.0000,-0.0000
1031,80.922,single_2d,12.8,0.0917,0.0000,-0.4552,-0.3658,0.0000,0.1619,-0.0000,-0.0000
1032,81.081,single_2d,12.7,0.0929,-0.0000,-0.4548,-0.3711,0.0000,0.1539,-0.0000,-0.0000
1033,81.105,single_2d,12.7,0.0936,0.0000,-0.4544,-0.3775,-0.0000,0.1476,-0.0000,-0.0000
1034,81.131,single_2d,12.8,0.0941,-0.0000,-0.4542,-0.3837,-0.0000,0.1403,-0.0000,-0.0000
1035,81.295,single_2d,12.7,0.0945,-0.0000,-0.4539,-0.3891,-0.0000,0.1342,-0.0000,-0.0000
1036,81.318,single_2d,12.8,0.0953,0.0000,-0.4537,-0.3942,0.0000,0.1289,-0.0000,-0.0000
1037,81.342,single_2d,12.8,0.0959,0.0000,-0.4539,-0.3989,-0.0000,0.1215,-0.0000,-0.0000
1038,81.509,single_2d,12.7,0.0959,-0.0000,-0.4540,-0.4035,-0.0000,0.1155,-0.0000,-0.0000
1039,81.532,single_2d,12.8,0.0978,-0.0000,-0.4530,-0.4091,0.0000,0.1090,-0.0000,-0.0000
1040,81.560,single_2d,12.8,0.0979,-0.0000,-0.4528,-0.4134,0.0000,0.1007,-0.0000,-0.0000
1041,81.717,single_2d,12.8,0.0983,-0.0000,-0.4528,-0.4175,0.0000,0.0926,-0.0000,-0.0000
1042,81.741,single_2d,12.8,0.0982,-0.0000,-0.4526,-0.4209,0.0000,0.0838,-0.0000,-0.0000
1043,81.772,single_2d,12.8,0.0983,0.0000,-0.4512,-0.4233,-0.0000,0.0700,-0.0000,-0.0000
1044,81.940,single_2d,12.8,0.0980,0.0000,-0.4513,-0.4250,0.0000,0.0569,-0.0000,-0.0000
1045,81.962,single_2d,12.8,0.0976,-0.0000,-0.4517,-0.4259,-0.0000,0.0417,-0.0000,-0.0000
1046,81.988,single_2d,12.8,0.0974,0.0000,-0.4519,-0.4265,0.0000,0.0293,-0.0000,-0.0000
1047,82.144,single_2d,12.8,0.0977,-0.0000,-0.4518,-0.4269,0.0000,0.0177,-0.0000,-0.0000
1048,82.167,single_2d,12.8,0.0985,0.0000,-0.4520,-0.4281,-0.0000,0.0068,-0.0000,-0.0000
1049,82.191,single_2d,12.8,0.0995,-0.0000,-0.4515,-0.4300,-0.0000,-0.0033,-0.0000,-0.0000
1050,82.348,single_2d,12.8,0.1005,0.0000,-0.4512,-0.4320,-0.0000,-0.0126,-0.0000,-0.0000
1051,82.371,single_2d,12.8,0.1031,-0.0000,-0.4495,-0.4339,0.0000,-0.0197,-0.0000,-0.0000
1052,82.396,single_2d,12.8,0.1037,0.0000,-0.4480,-0.4359,-0.0000,-0.0285,-0.0000,-0.0000
1053,82.555,single_2d,12.8,0.1040,0.0000,-0.4468,-0.4380,-0.0000,-0.0364,-0.0000,-0.0000
1054,82.580,single_2d,12.8,0.1029,-0.0000,-0.4452,-0.4396,-0.0000,-0.0452,-0.0000,-0.0000
1055,82.604,single_2d,12.8,0.1020,-0.0000,-0.4427,-0.4407,0.0000,-0.0557,-0.0000,-0.0000
1056,82.786,single_2d,12.8,0.1017,0.0000,-0.4395,-0.4415,0.0000,-0.0654,-0.0000,-0.0000
1057,82.808,single_2d,12.8,0.1002,0.0000,-0.4356,-0.4418,-0.0000,-0.0745,-0.0000,-0.0000
1058,82.832,single_2d,12.8,0.0989,0.0000,-0.4326,-0.4414,-0.0000,-0.0849,-0.0000,-0.0000
1059,82.987,single_2d,12.8,0.0975,-0.0000,-0.4304,-0.4403,0.0000,-0.0966,-0.0000,-0.0000
1060,83.010,single_2d,12.8,0.0958,0.0000,-0.4275,-0.4398,0.0000,-0.1084,-0.0000,-0.0000
1061,83.051,single_2d,12.8,0.0934,0.0000,-0.4260,-0.4372,0.0000,-0.1268,-0.0000,-0.0000
1062,83.221,single_2d,12.8,0.0923,-0.0000,-0.4264,-0.4353,-0.0000,-0.1442,-0.0000,-0.0000
1063,83.243,single_2d,12.8,0.0917,-0.0000,-0.4261,-0.4324,0.0000,-0.1594,-0.0000,-0.0000
1064,83.277,single_2d,12.8,0.0908,0.0000,-0.4250,-0.4282,-0.0000,-0.1756,-0.0000,-0.0000
1065,83.439,single_2d,12.8,0.0894,-0.0000,-0.4240,-0.4237,0.0000,-0.1906,-0.0000,-0.0000
1066,83.462,single_2d,12.8,0.0855,-0.0000,-0.4227,-0.4198,-0.0000,-0.2023,-0.0000,-0.0000
1067,83.486,single_2d,12.8,0.0824,-0.0000,-0.4212,-0.4151,0.0000,-0.2137,-0.0000,-0.0000
1068,83.648,single_2d,12.8,0.0799,-0.0000,-0.4201,-0.4117,-0.0000,-0.2242,-0.0000,-0.0000
1069,83.670,single_2d,12.8,0.0757,-0.0000,-0.4211,-0.4087,0.0000,-0.2344,-0.0000,-0.0000
1070,83.694,single_2d,12.8,0.0725,0.0000,-0.4219,-0.4053,-0.0000,-0.2442,-0.0000,-0.0000
1071,83.851,single_2d,12.8,0.0697,0.0000,-0.4229,-0.4019,-0.0000,-0.2533,-0.0000,-0.0000
1072,83.874,single_2d,12.8,0.0676,-0.0000,-0.4234,-0.3961,-0.0000,-0.2627,-0.0000,-0.0000
1073,83.898,single_2d,12.8,0.0655,-0.0000,-0.4244,-0.3903,0.0000,-0.2729,-0.0000,-0.0000
1074,84.058,single_2d,12.8,0.0637,-0.0000,-0.4247,-0.3851,0.0000,-0.2811,-0.0000,-0.0000
1075,84.081,single_2d,12.8,0.0629,0.0000,-0.4250,-0.3798,0.0000,-0.2887,-0.0000,-0.0000
1076,84.109,single_2d,12.8,0.0631,0.0000,-0.4261,-0.3716,0.0000,-0.2982,-0.0000,-0.0000
1077,84.277,single_2d,12.8,0.0622,0.0000,-0.4266,-0.3641,-0.0000,-0.3087,-0.0000,-0.0000
1078,84.299,single_2d,12.8,0.0597,-0.0000,-0.4311,-0.3574,-0.0000,-0.3210,-0.0000,-0.0000
1079,84.322,single_2d,12.8,0.0597,0.0000,-0.4324,-0.3494,0.0000,-0.3321,-0.0000,-0.0000
1080,84.481,single_2d,12.8,0.0596,-0.0000,-0.4337,-0.3403,0.0000,-0.3434,-0.0000,-0.0000
1081,84.504,single_2d,12.8,0.0594,-0.0000,-0.4348,-0.3309,0.0000,-0.3537,-0.0000,-0.0000
1082,84.527,single_2d,12.8,0.0589,0.0000,-0.4363,-0.3181,0.0000,-0.3638,-0.0000,-0.0000
1083,84.688,single_2d,12.8,0.0582,-0.0000,-0.4389,-0.3033,-0.0000,-0.3730,-0.0000,-0.0000
1084,84.711,single_2d,12.8,0.0580,0.0000,-0.4417,-0.2894,0.0000,-0.3820,-0.0000,-0.0000
1085,84.736,single_2d,12.8,0.0579,-0.0000,-0.4443,-0.2769,-0.0000,-0.3914,-0.0000,-0.0000
1086,84.900,single_2d,12.8,0.0583,0.0000,-0.4465,-0.2653,0.0000,-0.3994,-0.0000,-0.0000
1087,84.924,single_2d,12.8,0.0586,0.0000,-0.4484,-0.2560,0.0000,-0.4055,-0.0000,-0.0000
1088,84.948,single_2d,12.8,0.0590,0.0000,-0.4499,-0.2445,0.0000,-0.4109,-0.0000,-0.0000
1089,85.108,single_2d,12.8,0.0588,-0.0000,-0.4505,-0.2340,-0.0000,-0.4161,-0.0000,-0.0000
1090,85.132,single_2d,12.8,0.0581,-0.0000,-0.4500,-0.2246,0.0000,-0.4230,-0.0000,-0.0000
1091,85.156,single_2d,12.8,0.0575,-0.0000,-0.4498,-0.2161,-0.0000,-0.4287,-0.0000,-0.0000
1092,85.321,single_2d,12.8,0.0573,-0.0000,-0.4494,-0.2068,-0.0000,-0.4337,-0.0000,-0.0000
1093,85.344,single_2d,12.8,0.0576,0.0000,-0.4483,-0.1966,-0.0000,-0.4382,-0.0000,-0.0000
1094,85.373,single_2d,12.8,0.0578,0.0000,-0.4474,-0.1813,0.0000,-0.4423,-0.0000,-0.0000
1095,85.540,single_2d,12.8,0.0576,0.0000,-0.4464,-0.1658,0.0000,-0.4457,-0.0000,-0.0000
1096,85.564,single_2d,12.8,0.0569,-0.0000,-0.4455,-0.1518,0.0000,-0.4488,-0.0000,-0.0000
1097,85.589,single_2d,12.8,0.0566,-0.0000,-0.4449,-0.1383,-0.0000,-0.4514,-0.0000,-0.0000
1098,85.750,single_2d,12.8,0.0560,-0.0000,-0.4449,-0.1267,-0.0000,-0.4544,-0.0000,-0.0000
1099,85.773,single_2d,12.8,0.0566,-0.0000,-0.4468,-0.1163,-0.0000,-0.4586,-0.0000,-0.0000
1100,85.805,single_2d,12.8,0.0569,0.0000,-0.4481,-0.1049,0.0000,-0.4613,-0.0000,-0.0000
1101,85.985,single_2d,12.8,0.0580,0.0000,-0.4493,-0.0942,-0.0000,-0.4623,-0.0000,-0.0000
1102,86.008,single_2d,12.8,0.0595,0.0000,-0.4497,-0.0836,-0.0000,-0.4625,-0.0000,-0.0000
1103,86.033,single_2d,12.8,0.0589,-0.0000,-0.4489,-0.0756,-0.0000,-0.4624,-0.0000,-0.0000
1104,86.201,single_2d,12.8,0.0592,0.0000,-0.4500,-0.0691,0.0000,-0.4632,-0.0000,-0.0000
1105,86.231,single_2d,12.8,0.0582,-0.0000,-0.4492,-0.0646,-0.0000,-0.4640,-0.0000,-0.0000
1106,86.263,single_2d,12.8,0.0581,-0.0000,-0.4502,-0.0604,-0.0000,-0.4646,-0.0000,-0.0000
1107,86.417,single_2d,12.8,0.0573,-0.0000,-0.4503,-0.0567,0.0000,-0.4645,-0.0000,-0.0000
1108,86.439,single_2d,12.8,0.0571,0.0000,-0.4509,-0.0535,-0.0000,-0.4644,-0.0000,-0.0000
1109,86.462,single_2d,12.8,0.0569,0.0000,-0.4513,-0.0509,0.0000,-0.4644,-0.0000,-0.0000
1110,86.617,single_2d,12.8,0.0569,0.0000,-0.4516,-0.0487,0.0000,-0.4644,-0.0000,-0.0000
1111,86.640,single_2d,12.8,0.0567,0.0000,-0.4523,-0.0479,0.0000,-0.4653,-0.0000,-0.0000
1112,86.665,single_2d,12.8,0.0566,0.0000,-0.4530,-0.0473,0.0000,-0.4660,-0.0000,-0.0000
1113,86.831,single_2d,12.8,0.0566,-0.0000,-0.4535,-0.0467,-0.0000,-0.4667,-0.0000,-0.0000
1114,86.862,single_2d,12.8,0.0567,-0.0000,-0.4527,-0.0454,0.0000,-0.4658,-0.0000,-0.0000
1115,86.895,single_2d,12.8,0.0560,0.0000,-0.4516,-0.0445,-0.0000,-0.4652,-0.0000,-0.0000
1116,87.051,single_2d,12.8,0.0563,-0.0000,-0.4515,-0.0436,-0.0000,-0.4655,-0.0000,-0.0000
1117,87.074,single_2d,12.8,0.0563,0.0000,-0.4511,-0.0432,-0.0000,-0.4661,-0.0000,-0.0000
1118,87.096,single_2d,12.8,0.0564,0.0000,-0.4511,-0.0429,0.0000,-0.4666,-0.0000,-0.0000
1119,87.252,single_2d,12.8,0.0564,0.0000,-0.4509,-0.0429,0.0000,-0.4668,-0.0000,-0.0000
1120,87.275,single_2d,12.8,0.0581,-0.0000,-0.4520,-0.0427,-0.0000,-0.4687,-0.0000,-0.0000
1121,87.300,single_2d,12.9,0.0589,-0.0000,-0.4524,-0.0428,0.0000,-0.4699,-0.0000,-0.0000
1122,87.459,single_2d,12.8,0.0593,0.0000,-0.4530,-0.0431,0.0000,-0.4708,-0.0000,-0.0000
1123,87.481,single_2d,12.8,0.0582,0.0000,-0.4522,-0.0444,0.0000,-0.4716,-0.0000,-0.0000
1124,87.512,single_2d,12.9,0.0578,-0.0000,-0.4523,-0.0450,-0.0000,-0.4727,-0.0000,-0.0000
1125,87.672,single_2d,12.8,0.0578,-0.0000,-0.4524,-0.0453,-0.0000,-0.4735,-0.0000,-0.0000
1126,87.696,single_2d,12.9,0.0574,-0.0000,-0.4530,-0.0457,-0.0000,-0.4742,-0.0000,-0.0000
1127,87.721,single_2d,12.9,0.0572,0.0000,-0.4536,-0.0461,0.0000,-0.4750,-0.0000,-0.0000
1128,87.883,single_2d,12.8,0.0569,0.0000,-0.4539,-0.0466,0.0000,-0.4757,-0.0000,-0.0000
1129,87.906,single_2d,12.9,0.0581,0.0000,-0.4544,-0.0461,0.0000,-0.4760,-0.0000,-0.0000
1130,87.932,single_2d,12.9,0.0579,-0.0000,-0.4547,-0.0462,-0.0000,-0.4758,-0.0000,-0.0000
1131,88.090,single_2d,12.9,0.0579,0.0000,-0.4549,-0.0463,0.0000,-0.4756,-0.0000,-0.0000
1132,88.113,single_2d,12.9,0.0573,-0.0000,-0.4546,-0.0471,-0.0000,-0.4746,-0.0000,-0.0000
1133,88.140,single_2d,12.9,0.0570,-0.0000,-0.4543,-0.0479,-0.0000,-0.4739,-0.0000,-0.0000
1134,88.313,single_2d,12.9,0.0562,0.0000,-0.4540,-0.0490,0.0000,-0.4743,-0.0000,-0.0000
1135,88.336,single_2d,12.9,0.0560,0.0000,-0.4536,-0.0502,-0.0000,-0.4749,-0.0000,-0.0000
1136,88.364,single_2d,12.9,0.0559,-0.0000,-0.4532,-0.0513,-0.0000,-0.4752,-0.0000,-0.0000
1137,88.533,single_2d,12.9,0.0558,-0.0000,-0.4530,-0.0523,-0.0000,-0.4751,-0.0000,-0.0000
1138,88.557,single_2d,12.9,0.0568,0.0000,-0.4543,-0.0527,0.0000,-0.4739,-0.0000,-0.0000
1139,88.581,single_2d,12.9,0.0568,0.0000,-0.4548,-0.0544,-0.0000,-0.4726,-0.0000,-0.0000
1140,88.744,single_2d,12.9,0.0569,-0.0000,-0.4557,-0.0564,-0.0000,-0.4729,-0.0000,-0.0000
1141,88.767,single_2d,12.9,0.0563,0.0000,-0.4561,-0.0582,0.0000,-0.4730,-0.0000,-0.0000
1142,88.791,single_2d,12.9,0.0557,-0.0000,-0.4550,-0.0604,-0.0000,-0.4727,-0.0000,-0.0000
1143,88.953,single_2d,12.9,0.0552,-0.0000,-0.4529,-0.0620,-0.0000,-0.4718,-0.0000,-0.0000
1144,88.977,single_2d,12.9,0.0552,0.0000,-0.4515,-0.0635,-0.0000,-0.4710,-0.0000,-0.0000
1145,89.003,single_2d,12.9,0.0547,-0.0000,-0.4489,-0.0669,-0.0000,-0.4693,-0.0000,-0.0000
1146,89.184,single_2d,12.9,0.0550,0.0000,-0.4472,-0.0697,0.0000,-0.4687,-0.0000,-0.0000
1147,89.206,single_2d,12.9,0.0543,0.0000,-0.4456,-0.0743,-0.0000,-0.4685,-0.0000,-0.0000
1148,89.231,single_2d,12.9,0.0548,0.0000,-0.4449,-0.0776,0.0000,-0.4668,-0.0000,-0.0000
1149,89.389,single_2d,12.9,0.0556,0.0000,-0.4448,-0.0804,0.0000,-0.4658,-0.0000,-0.0000
1150,89.412,single_2d,12.9,0.0563,0.0000,-0.4459,-0.0831,-0.0000,-0.4623,-0.0000,-0.0000
1151,89.451,single_2d,12.9,0.0574,0.0000,-0.4472,-0.0861,0.0000,-0.4583,-0.0000,-0.0000
1152,89.620,single_2d,12.9,0.0581,0.0000,-0.4476,-0.0890,0.0000,-0.4545,-0.0000,-0.0000
1153,89.644,single_2d,12.9,0.0584,0.0000,-0.4487,-0.0944,-0.0000,-0.4517,-0.0000,-0.0000
1154,89.676,single_2d,12.9,0.0586,-0.0000,-0.4498,-0.0999,-0.0000,-0.4489,-0.0000,-0.0000
1155,89.840,single_2d,12.9,0.0600,0.0000,-0.4512,-0.1045,0.0000,-0.4462,-0.0000,-0.0000
1156,89.863,single_2d,12.9,0.0611,-0.0000,-0.4523,-0.1086,-0.0000,-0.4436,-0.0000,-0.0000
1157,89.887,single_2d,12.9,0.0621,0.0000,-0.4533,-0.1122,0.0000,-0.4402,-0.0000,-0.0000
1158,90.048,single_2d,12.9,0.0626,0.0000,-0.4543,-0.1158,0.0000,-0.4356,-0.0000,-0.0000
1159,90.070,single_2d,12.9,0.0633,-0.0000,-0.4555,-0.1198,-0.0000,-0.4322,-0.0000,-0.0000
1160,90.095,single_2d,12.9,0.0639,0.0000,-0.4562,-0.1236,0.0000,-0.4291,-0.0000,-0.0000
1161,90.251,single_2d,12.9,0.0643,-0.0000,-0.4564,-0.1266,-0.0000,-0.4256,-0.0000,-0.0000
1162,90.274,single_2d,12.9,0.0640,-0.0000,-0.4568,-0.1292,0.0000,-0.4217,-0.0000,-0.0000
1163,90.298,single_2d,12.9,0.0642,-0.0000,-0.4566,-0.1312,0.0000,-0.4172,-0.0000,-0.0000
1164,90.463,single_2d,12.9,0.0644,-0.0000,-0.4565,-0.1329,-0.0000,-0.4125,-0.0000,-0.0000
1165,90.487,single_2d,12.9,0.0648,0.0000,-0.4563,-0.1352,0.0000,-0.4057,-0.0000,-0.0000
1166,90.512,single_2d,12.9,0.0656,-0.0000,-0.4562,-0.1381,-0.0000,-0.3977,-0.0000,-0.0000
1167,90.683,single_2d,12.9,0.0661,0.0000,-0.4560,-0.1409,0.0000,-0.3902,-0.0000,-0.0000
1168,90.705,single_2d,12.9,0.0664,-0.0000,-0.4557,-0.1438,-0.0000,-0.3837,-0.0000,-0.0000
1169,90.728,single_2d,12.9,0.0666,-0.0000,-0.4559,-0.1463,-0.0000,-0.3784,-0.0000,-0.0000
1170,90.889,single_2d,12.9,0.0665,-0.0000,-0.4560,-0.1486,0.0000,-0.3736,-0.0000,-0.0000
1171,90.912,single_2d,12.9,0.0660,-0.0000,-0.4560,-0.1512,-0.0000,-0.3676,-0.0000,-0.0000
1172,90.940,single_2d,12.9,0.0657,-0.0000,-0.4560,-0.1538,-0.0000,-0.3614,-0.0000,-0.0000
1173,91.104,single_2d,12.9,0.0653,-0.0000,-0.4562,-0.1562,-0.0000,-0.3554,-0.0000,-0.0000
1174,91.127,single_2d,12.9,0.0664,-0.0000,-0.4566,-0.1588,0.0000,-0.3486,-0.0000,-0.0000
1175,91.149,single_2d,12.9,0.0671,0.0000,-0.4568,-0.1608,0.0000,-0.3423,-0.0000,-0.0000
1176,91.310,single_2d,12.9,0.0672,0.0000,-0.4569,-0.1636,0.0000,-0.3367,-0.0000,-0.0000
1177,91.333,single_2d,12.9,0.0667,0.0000,-0.4569,-0.1660,-0.0000,-0.3309,-0.0000,-0.0000
1178,91.358,single_2d,12.9,0.0660,-0.0000,-0.4571,-0.1672,0.0000,-0.3231,-0.0000,-0.0000
1179,91.517,single_2d,12.9,0.0652,0.0000,-0.4572,-0.1672,0.0000,-0.3135,-0.0000,-0.0000
1180,91.540,single_2d,12.9,0.0639,-0.0000,-0.4571,-0.1646,0.0000,-0.3004,-0.0000,-0.0000
1181,91.565,single_2d,12.9,0.0629,-0.0000,-0.4568,-0.1614,0.0000,-0.2861,-0.0000,-0.0000
1182,91.726,single_2d,12.9,0.0614,-0.0000,-0.4570,-0.1600,0.0000,-0.2728,-0.0000,-0.0000
1183,91.748,single_2d,12.9,0.0600,-0.0000,-0.4569,-0.1600,-0.0000,-0.2626,-0.0000,-0.0000
1184,91.772,single_2d,12.9,0.0591,-0.0000,-0.4569,-0.1597,-0.0000,-0.2510,-0.0000,-0.0000
1185,91.934,single_2d,12.9,0.0577,0.0000,-0.4568,-0.1591,-0.0000,-0.2399,-0.0000,-0.0000
1186,91.955,single_2d,12.9,0.0566,0.0000,-0.4564,-0.1601,0.0000,-0.2301,-0.0000,-0.0000
1187,91.980,single_2d,12.9,0.0557,-0.0000,-0.4564,-0.1626,0.0000,-0.2199,-0.0000,-0.0000
1188,92.146,single_2d,12.9,0.0553,-0.0000,-0.4561,-0.1664,0.0000,-0.2097,-0.0000,-0.0000
1189,92.169,single_2d,12.9,0.0556,-0.0000,-0.4552,-0.1710,-0.0000,-0.2003,-0.0000,-0.0000
1190,92.193,single_2d,12.9,0.0571,-0.0000,-0.4544,-0.1763,0.0000,-0.1894,-0.0000,-0.0000
1191,92.357,single_2d,12.9,0.0582,-0.0000,-0.4555,-0.1826,0.0000,-0.1765,-0.0000,-0.0000
1192,92.380,single_2d,12.9,0.0597,0.0000,-0.4557,-0.1888,0.0000,-0.1660,-0.0000,-0.0000
1193,92.413,single_2d,12.9,0.0597,-0.0000,-0.4556,-0.1874,-0.0000,-0.1532,-0.0000,-0.0000
1194,92.579,single_2d,12.9,0.0590,0.0000,-0.4555,-0.1829,-0.0000,-0.1404,-0.0000,-0.0000
1195,92.601,single_2d,12.9,0.0585,-0.0000,-0.4559,-0.1787,-0.0000,-0.1263,-0.0000,-0.0000
1196,92.624,single_2d,12.9,0.0577,0.0000,-0.4560,-0.1772,-0.0000,-0.1115,-0.0000,-0.0000
1197,92.790,single_2d,12.9,0.0566,-0.0000,-0.4560,-0.1766,0.0000,-0.0961,-0.0000,-0.0000
1198,92.812,single_2d,12.9,0.0549,-0.0000,-0.4560,-0.1768,0.0000,-0.0816,-0.0000,-0.0000
1199,92.845,single_2d,12.9,0.0531,-0.0000,-0.4563,-0.1796,-0.0000,-0.0618,-0.0000,-0.0000
1200,93.013,single_2d,12.9,0.0510,0.0000,-0.4570,-0.1811,-0.0000,-0.0401,-0.0000,-0.0000
1201,93.035,single_2d,12.9,0.0495,-0.0000,-0.4565,-0.1864,0.0000,-0.0200,-0.0000,-0.0000
1202,93.058,single_2d,12.9,0.0484,-0.0000,-0.4559,-0.1914,0.0000,0.0004,-0.0000,-0.0000
1203,93.219,single_2d,12.9,0.0479,-0.0000,-0.4553,-0.1911,0.0000,0.0278,-0.0000,-0.0000
1204,93.242,single_2d,12.9,0.0479,0.0000,-0.4567,-0.1893,-0.0000,0.0499,-0.0000,-0.0000
1205,93.268,single_2d,12.9,0.0484,0.0000,-0.4578,-0.1845,0.0000,0.0793,-0.0000,-0.0000
1206,93.431,single_2d,12.9,0.0498,0.0000,-0.4600,-0.1791,-0.0000,0.1056,-0.0000,-0.0000
1207,93.454,single_2d,12.9,0.0515,-0.0000,-0.4607,-0.1727,0.0000,0.1326,-0.0000,-0.0000
1208,93.484,single_2d,12.9,0.0536,0.0000,-0.4613,-0.1681,0.0000,0.1593,-0.0000,-0.0000
1209,93.651,single_2d,12.9,0.0556,0.0000,-0.4614,-0.1651,0.0000,0.1833,-0.0000,-0.0000
1210,93.676,single_2d,12.9,0.0590,0.0000,-0.4613,-0.1634,-0.0000,0.1979,-0.0000,-0.0000
1211,93.699,single_2d,12.9,0.0618,-0.0000,-0.4611,-0.1615,0.0000,0.2140,-0.0000,-0.0000
1212,93.858,single_2d,12.9,0.0643,-0.0000,-0.4610,-0.1578,0.0000,0.2313,-0.0000,-0.0000
1213,93.881,single_2d,12.9,0.0635,-0.0000,-0.4597,-0.1558,0.0000,0.2437,-0.0000,-0.0000
1214,93.905,single_2d,12.9,0.0628,0.0000,-0.4587,-0.1543,-0.0000,0.2539,-0.0000,-0.0000
1215,94.071,single_2d,12.9,0.0625,0.0000,-0.4582,-0.1535,-0.0000,0.2647,-0.0000,-0.0000
1216,94.094,single_2d,12.9,0.0643,0.0000,-0.4580,-0.1515,0.0000,0.2739,-0.0000,-0.0000
1217,94.119,single_2d,12.9,0.0641,0.0000,-0.4578,-0.1492,0.0000,0.2772,-0.0000,-0.0000
1218,94.280,single_2d,12.9,0.0629,-0.0000,-0.4577,-0.1470,0.0000,0.2794,-0.0000,-0.0000
1219,94.303,single_2d,12.9,0.0625,-0.0000,-0.4579,-0.1453,-0.0000,0.2812,-0.0000,-0.0000
1220,94.328,single_2d,12.9,0.0619,0.0000,-0.4580,-0.1442,-0.0000,0.2828,-0.0000,-0.0000
1221,94.502,single_2d,12.9,0.0617,-0.0000,-0.4582,-0.1443,0.0000,0.2851,-0.0000,-0.0000
1222,94.530,single_2d,12.9,0.0608,-0.0000,-0.4586,-0.1446,-0.0000,0.2878,-0.0000,-0.0000
1223,94.559,single_2d,12.9,0.0609,-0.0000,-0.4589,-0.1450,-0.0000,0.2903,-0.0000,-0.0000
1224,94.736,single_2d,12.9,0.0611,0.0000,-0.4591,-0.1450,0.0000,0.2922,-0.0000,-0.0000
1225,94.763,single_2d,12.9,0.0615,-0.0000,-0.4596,-0.1450,0.0000,0.2912,-0.0000,-0.0000
1226,94.789,single_2d,12.9,0.0622,0.0000,-0.4599,-0.1458,-0.0000,0.2964,-0.0000,-0.0000
1227,94.957,single_2d,12.9,0.0629,-0.0000,-0.4599,-0.1465,-0.0000,0.3002,-0.0000,-0.0000
1228,94.982,single_2d,12.9,0.0629,-0.0000,-0.4599,-0.1473,0.0000,0.3022,-0.0000,-0.0000
1229,95.008,single_2d,12.9,0.0631,0.0000,-0.4598,-0.1478,-0.0000,0.3031,-0.0000,-0.0000
1230,95.193,single_2d,12.9,0.0631,-0.0000,-0.4592,-0.1477,-0.0000,0.3025,-0.0000,-0.0000
1231,95.216,single_2d,12.9,0.0640,-0.0000,-0.4603,-0.1462,0.0000,0.3030,-0.0000,-0.0000
1232,95.244,single_2d,12.9,0.0651,0.0000,-0.4608,-0.1464,-0.0000,0.3034,-0.0000,-0.0000
1233,95.424,single_2d,12.9,0.0667,0.0000,-0.4612,-0.1471,0.0000,0.3050,-0.0000,-0.0000
1234,95.447,single_2d,12.9,0.0674,-0.0000,-0.4607,-0.1476,-0.0000,0.3032,-0.0000,-0.0000
1235,95.471,single_2d,12.9,0.0680,0.0000,-0.4605,-0.1483,-0.0000,0.3018,-0.0000,-0.0000
1236,95.634,single_2d,12.9,0.0684,-0.0000,-0.4604,-0.1491,0.0000,0.3022,-0.0000,-0.0000
1237,95.658,single_2d,12.9,0.0686,0.0000,-0.4616,-0.1489,0.0000,0.2992,-0.0000,-0.0000
1238,95.681,single_2d,12.9,0.0683,-0.0000,-0.4619,-0.1490,0.0000,0.2963,-0.0000,-0.0000
1239,95.851,single_2d,12.9,0.0679,-0.0000,-0.4624,-0.1491,0.0000,0.2913,-0.0000,-0.0000
1240,95.876,single_2d,12.9,0.0673,-0.0000,-0.4608,-0.1499,-0.0000,0.2878,-0.0000,-0.0000
1241,95.901,single_2d,13.0,0.0666,-0.0000,-0.4599,-0.1500,0.0000,0.2807,-0.0000,-0.0000
1242,96.068,single_2d,12.9,0.0659,-0.0000,-0.4591,-0.1507,0.0000,0.2759,-0.0000,-0.0000
1243,96.092,single_2d,12.9,0.0661,0.0000,-0.4596,-0.1494,-0.0000,0.2741,-0.0000,-0.0000
1244,96.116,single_2d,13.0,0.0660,-0.0000,-0.4599,-0.1481,0.0000,0.2734,-0.0000,-0.0000
1245,96.282,single_2d,12.9,0.0661,-0.0000,-0.4601,-0.1473,0.0000,0.2715,-0.0000,-0.0000
1246,96.305,single_2d,12.9,0.0667,0.0000,-0.4610,-0.1465,-0.0000,0.2704,-0.0000,-0.0000
1247,96.329,single_2d,13.0,0.0671,0.0000,-0.4618,-0.1454,-0.0000,0.2673,-0.0000,-0.0000
1248,96.495,single_2d,12.9,0.0667,0.0000,-0.4625,-0.1434,0.0000,0.2549,-0.0000,-0.0000
1249,96.518,single_2d,13.0,0.0676,-0.0000,-0.4637,-0.1415,0.0000,0.2483,-0.0000,-0.0000
1250,96.542,single_2d,13.0,0.0686,0.0000,-0.4646,-0.1391,0.0000,0.2409,-0.0000,-0.0000
1251,96.710,single_2d,12.9,0.0694,-0.0000,-0.4664,-0.1352,0.0000,0.2324,-0.0000,-0.0000
1252,96.734,single_2d,13.0,0.0713,-0.0000,-0.4669,-0.1293,0.0000,0.2263,-0.0000,-0.0000
1253,96.759,single_2d,13.0,0.0724,0.0000,-0.4682,-0.1250,-0.0000,0.2181,-0.0000,-0.0000
1254,96.923,single_2d,12.9,0.0729,-0.0000,-0.4694,-0.1214,-0.0000,0.2076,-0.0000,-0.0000
1255,96.946,single_2d,13.0,0.0702,-0.0000,-0.4701,-0.1212,-0.0000,0.1872,-0.0000,-0.0000
1256,96.972,single_2d,13.0,0.0681,0.0000,-0.4706,-0.1200,-0.0000,0.1719,-0.0000,-0.0000
1257,97.145,single_2d,12.9,0.0666,0.0000,-0.4701,-0.1198,-0.0000,0.1553,-0.0000,-0.0000
1258,97.168,single_2d,13.0,0.0654,0.0000,-0.4698,-0.1193,0.0000,0.1373,-0.0000,-0.0000
1259,97.193,single_2d,13.0,0.0642,-0.0000,-0.4694,-0.1206,0.0000,0.1184,-0.0000,-0.0000
1260,97.364,single_2d,13.0,0.0631,-0.0000,-0.4690,-0.1227,-0.0000,0.1010,-0.0000,-0.0000
1261,97.388,single_2d,13.0,0.0622,-0.0000,-0.4681,-0.1246,0.0000,0.0835,-0.0000,-0.0000
1262,97.411,single_2d,13.0,0.0614,0.0000,-0.4675,-0.1267,-0.0000,0.0675,-0.0000,-0.0000
1263,97.594,single_2d,13.0,0.0605,-0.0000,-0.4680,-0.1284,-0.0000,0.0547,-0.0000,-0.0000
1264,97.617,single_2d,13.0,0.0601,0.0000,-0.4682,-0.1306,-0.0000,0.0409,-0.0000,-0.0000
1265,97.646,single_2d,13.0,0.0602,-0.0000,-0.4687,-0.1306,0.0000,0.0323,-0.0000,-0.0000
1266,97.818,single_2d,13.0,0.0602,0.0000,-0.4694,-0.1297,-0.0000,0.0217,-0.0000,-0.0000
1267,97.841,single_2d,13.0,0.0607,-0.0000,-0.4711,-0.1281,0.0000,0.0173,-0.0000,-0.0000
1268,97.865,single_2d,13.0,0.0630,-0.0000,-0.4722,-0.1286,0.0000,0.0120,-0.0000,-0.0000
1269,98.035,single_2d,13.0,0.0646,-0.0000,-0.4732,-0.1288,-0.0000,0.0004,-0.0000,-0.0000
1270,98.059,single_2d,13.0,0.0657,0.0000,-0.4741,-0.1277,0.0000,-0.0115,-0.0000,-0.0000
1271,98.084,single_2d,13.0,0.0676,0.0000,-0.4754,-0.1424,0.0000,-0.0212,-0.0000,-0.0000
1272,98.251,single_2d,13.0,0.0693,-0.0000,-0.4770,-0.1516,0.0000,-0.0350,-0.0000,-0.0000
1273,98.274,single_2d,13.0,0.0716,-0.0000,-0.4786,-0.1518,0.0000,-0.0514,-0.0000,-0.0000
1274,98.298,single_2d,13.0,0.0727,-0.0000,-0.4794,-0.1586,0.0000,-0.0682,-0.0000,-0.0000
1275,98.462,single_2d,13.0,0.0731,-0.0000,-0.4801,-0.1666,-0.0000,-0.0902,-0.0000,-0.0000
1276,98.485,single_2d,13.0,0.0731,0.0000,-0.4789,-0.1701,0.0000,-0.1126,-0.0000,-0.0000
1277,98.511,single_2d,13.0,0.0729,0.0000,-0.4765,-0.1683,0.0000,-0.1375,-0.0000,-0.0000
1278,98.681,single_2d,13.0,0.0733,-0.0000,-0.4729,-0.1712,-0.0000,-0.1652,-0.0000,-0.0000
1279,98.704,single_2d,13.0,0.0735,0.0000,-0.4689,-0.1702,0.0000,-0.1891,-0.0000,-0.0000
1280,98.728,single_2d,13.0,0.0746,-0.0000,-0.4659,-0.1704,0.0000,-0.2109,-0.0000,-0.0000
1281,98.892,single_2d,13.0,0.0752,0.0000,-0.4634,-0.1696,0.0000,-0.2310,-0.0000,-0.0000
1282,98.915,single_2d,13.0,0.0746,0.0000,-0.4609,-0.1658,-0.0000,-0.2457,-0.0000,-0.0000
1283,98.943,single_2d,13.0,0.0745,-0.0000,-0.4591,-0.1644,0.0000,-0.2590,-0.0000,-0.0000
1284,99.112,single_2d,13.0,0.0746,-0.0000,-0.4575,-0.1636,0.0000,-0.2710,-0.0000,-0.0000
1285,99.136,single_2d,13.0,0.0748,0.0000,-0.4563,-0.1636,0.0000,-0.2818,-0.0000,-0.0000
1286,99.159,single_2d,13.0,0.0745,0.0000,-0.4554,-0.1587,-0.0000,-0.2953,-0.0000,-0.0000
1287,99.319,single_2d,13.0,0.0742,0.0000,-0.4544,-0.1517,0.0000,-0.3069,-0.0000,-0.0000
1288,99.341,single_2d,13.0,0.0745,0.0000,-0.4534,-0.1480,0.0000,-0.3152,-0.0000,-0.0000
1289,99.372,single_2d,13.0,0.0746,-0.0000,-0.4528,-0.1444,0.0000,-0.3277,-0.0000,-0.0000
1290,99.542,single_2d,13.0,0.0747,0.0000,-0.4524,-0.1425,0.0000,-0.3410,-0.0000,-0.0000
1291,99.565,single_2d,13.0,0.0750,0.0000,-0.4524,-0.1411,0.0000,-0.3497,-0.0000,-0.0000
1292,99.589,single_2d,13.0,0.0753,0.0000,-0.4528,-0.1393,-0.0000,-0.3582,-0.0000,-0.0000
1293,99.752,single_2d,13.0,0.0756,-0.0000,-0.4532,-0.1372,-0.0000,-0.3672,-0.0000,-0.0000
1294,99.776,single_2d,13.0,0.0759,-0.0000,-0.4542,-0.1329,-0.0000,-0.3756,-0.0000,-0.0000
1295,99.804,single_2d,13.0,0.0770,-0.0000,-0.4547,-0.1294,-0.0000,-0.3846,-0.0000,-0.0000
1296,99.993,single_2d,13.0,0.0780,-0.0000,-0.4552,-0.1245,0.0000,-0.3914,-0.0000,-0.0000
1297,100.018,single_2d,13.0,0.0791,-0.0000,-0.4553,-0.1201,-0.0000,-0.3966,-0.0000,-0.0000
1298,100.043,single_2d,13.0,0.0801,0.0000,-0.4554,-0.1161,0.0000,-0.4017,-0.0000,-0.0000
1299,100.208,single_2d,13.0,0.0808,0.0000,-0.4556,-0.1125,-0.0000,-0.4072,-0.0000,-0.0000
1300,100.231,single_2d,13.0,0.0811,-0.0000,-0.4560,-0.1080,0.0000,-0.4132,-0.0000,-0.0000
1301,100.255,single_2d,13.0,0.0816,-0.0000,-0.4564,-0.1040,-0.0000,-0.4184,-0.0000,-0.0000
1302,100.418,single_2d,13.0,0.0823,-0.0000,-0.4567,-0.1000,-0.0000,-0.4234,-0.0000,-0.0000
1303,100.441,single_2d,13.0,0.0829,0.0000,-0.4571,-0.0958,0.0000,-0.4290,-0.0000,-0.0000
1304,100.464,single_2d,13.0,0.0833,0.0000,-0.4575,-0.0923,0.0000,-0.4340,-0.0000,-0.0000
1305,100.626,single_2d,13.0,0.0837,0.0000,-0.4579,-0.0891,0.0000,-0.4381,-0.0000,-0.0000
1306,100.649,single_2d,13.0,0.0839,-0.0000,-0.4588,-0.0858,-0.0000,-0.4422,-0.0000,-0.0000
1307,100.672,single_2d,13.0,0.0839,0.0000,-0.4592,-0.0826,0.0000,-0.4464,-0.0000,-0.0000
1308,100.838,single_2d,13.0,0.0838,-0.0000,-0.4597,-0.0799,-0.0000,-0.4500,-0.0000,-0.0000
1309,100.861,single_2d,13.0,0.0842,0.0000,-0.4604,-0.0763,0.0000,-0.4540,-0.0000,-0.0000
1310,100.885,single_2d,13.0,0.0830,0.0000,-0.4609,-0.0728,0.0000,-0.4583,-0.0000,-0.0000
1311,101.046,single_2d,13.0,0.0815,-0.0000,-0.4612,-0.0691,-0.0000,-0.4617,-0.0000,-0.0000
1312,101.070,single_2d,13.0,0.0799,0.0000,-0.4616,-0.0641,0.0000,-0.4640,-0.0000,-0.0000
1313,101.094,single_2d,13.0,0.0788,-0.0000,-0.4622,-0.0605,0.0000,-0.4660,-0.0000,-0.0000
1314,101.257,single_2d,13.0,0.0777,-0.0000,-0.4628,-0.0574,-0.0000,-0.4681,-0.0000,-0.0000
1315,101.280,single_2d,13.0,0.0765,-0.0000,-0.4635,-0.0556,0.0000,-0.4700,-0.0000,-0.0000
1316,101.310,single_2d,13.0,0.0753,0.0000,-0.4638,-0.0540,-0.0000,-0.4723,-0.0000,-0.0000
1317,101.476,single_2d,13.0,0.0743,0.0000,-0.4638,-0.0526,0.0000,-0.4743,-0.0000,-0.0000
1318,101.500,single_2d,13.0,0.0735,0.0000,-0.4636,-0.0511,-0.0000,-0.4768,-0.0000,-0.0000
1319,101.524,single_2d,13.0,0.0724,-0.0000,-0.4632,-0.0496,0.0000,-0.4789,-0.0000,-0.0000
1320,101.691,single_2d,13.0,0.0714,-0.0000,-0.4629,-0.0482,-0.0000,-0.4810,-0.0000,-0.0000
1321,101.715,single_2d,13.0,0.0707,0.0000,-0.4623,-0.0467,-0.0000,-0.4828,-0.0000,-0.0000
1322,101.740,single_2d,13.0,0.0701,-0.0000,-0.4617,-0.0451,0.0000,-0.4842,-0.0000,-0.0000
1323,101.911,single_2d,13.0,0.0693,-0.0000,-0.4610,-0.0440,-0.0000,-0.4858,-0.0000,-0.0000
1324,101.934,single_2d,13.0,0.0694,-0.0000,-0.4611,-0.0427,-0.0000,-0.4876,-0.0000,-0.0000
1325,101.959,single_2d,13.0,0.0694,-0.0000,-0.4613,-0.0415,-0.0000,-0.4889,-0.0000,-0.0000
1326,102.121,single_2d,13.0,0.0695,-0.0000,-0.4616,-0.0404,-0.0000,-0.4894,-0.0000,-0.0000
1327,102.145,single_2d,13.0,0.0696,0.0000,-0.4616,-0.0397,0.0000,-0.4889,-0.0000,-0.0000
1328,102.173,single_2d,13.0,0.0696,-0.0000,-0.4613,-0.0391,-0.0000,-0.4884,-0.0000,-0.0000
1329,102.341,single_2d,13.0,0.0688,0.0000,-0.4614,-0.0387,-0.0000,-0.4878,-0.0000,-0.0000
1330,102.364,single_2d,13.0,0.0679,-0.0000,-0.4618,-0.0386,-0.0000,-0.4886,-0.0000,-0.0000
1331,102.389,single_2d,13.0,0.0675,0.0000,-0.4622,-0.0381,0.0000,-0.4890,-0.0000,-0.0000
1332,102.550,single_2d,13.0,0.0673,-0.0000,-0.4626,-0.0378,0.0000,-0.4891,-0.0000,-0.0000
1333,102.574,single_2d,13.0,0.0658,0.0000,-0.4627,-0.0374,0.0000,-0.4890,-0.0000,-0.0000
1334,102.604,single_2d,13.0,0.0649,0.0000,-0.4628,-0.0369,-0.0000,-0.4883,-0.0000,-0.0000
1335,102.789,single_2d,13.0,0.0642,0.0000,-0.4630,-0.0365,0.0000,-0.4883,-0.0000,-0.0000
1336,102.811,single_2d,13.0,0.0654,0.0000,-0.4635,-0.0356,-0.0000,-0.4877,-0.0000,-0.0000
1337,102.844,single_2d,13.0,0.0664,0.0000,-0.4637,-0.0348,0.0000,-0.4871,-0.0000,-0.0000
1338,103.009,single_2d,13.0,0.0672,-0.0000,-0.4634,-0.0343,0.0000,-0.4863,-0.0000,-0.0000
1339,103.031,single_2d,13.0,0.0665,0.0000,-0.4635,-0.0352,-0.0000,-0.4859,-0.0000,-0.0000
1340,103.061,single_2d,13.0,0.0653,0.0000,-0.4634,-0.0359,0.0000,-0.4859,-0.0000,-0.0000
1341,103.220,single_2d,13.0,0.0651,-0.0000,-0.4635,-0.0364,0.0000,-0.4859,-0.0000,-0.0000
1342,103.243,single_2d,13.0,0.0645,0.0000,-0.4633,-0.0369,-0.0000,-0.4876,-0.0000,-0.0000
1343,103.276,single_2d,13.0,0.0643,-0.0000,-0.4633,-0.0372,-0.0000,-0.4884,-0.0000,-0.0000
1344,103.442,single_2d,13.0,0.0640,-0.0000,-0.4633,-0.0374,-0.0000,-0.4892,-0.0000,-0.0000
1345,103.465,single_2d,13.0,0.0650,-0.0000,-0.4635,-0.0378,-0.0000,-0.4893,-0.0000,-0.0000
1346,103.488,single_2d,13.0,0.0657,0.0000,-0.4634,-0.0379,-0.0000,-0.4893,-0.0000,-0.0000
1347,103.653,single_2d,13.0,0.0664,0.0000,-0.4634,-0.0381,0.0000,-0.4889,-0.0000,-0.0000
1348,103.677,single_2d,13.0,0.0670,-0.0000,-0.4635,-0.0381,-0.0000,-0.4884,-0.0000,-0.0000
1349,103.708,single_2d,13.0,0.0675,0.0000,-0.4636,-0.0382,-0.0000,-0.4878,-0.0000,-0.0000
1350,103.877,single_2d,13.0,0.0680,-0.0000,-0.4634,-0.0382,-0.0000,-0.4868,-0.0000,-0.0000
1351,103.901,single_2d,13.0,0.0684,0.0000,-0.4632,-0.0383,0.0000,-0.4857,-0.0000,-0.0000
1352,103.931,single_2d,13.0,0.0689,-0.0000,-0.4632,-0.0384,-0.0000,-0.4850,-0.0000,-0.0000
1353,104.091,single_2d,13.0,0.0693,-0.0000,-0.4632,-0.0384,-0.0000,-0.4848,-0.0000,-0.0000
1354,104.114,single_2d,13.0,0.0704,-0.0000,-0.4634,-0.0384,0.0000,-0.4853,-0.0000,-0.0000
1355,104.141,single_2d,13.0,0.0712,0.0000,-0.4635,-0.0384,0.0000,-0.4856,-0.0000,-0.0000
1356,104.311,single_2d,13.0,0.0713,0.0000,-0.4636,-0.0381,0.0000,-0.4856,-0.0000,-0.0000
1357,104.335,single_2d,13.0,0.0715,-0.0000,-0.4637,-0.0384,-0.0000,-0.4858,-0.0000,-0.0000
1358,104.358,single_2d,13.0,0.0720,-0.0000,-0.4637,-0.0394,-0.0000,-0.4851,-0.0000,-0.0000
1359,104.522,single_2d,13.0,0.0728,0.0000,-0.4637,-0.0413,0.0000,-0.4848,-0.0000,-0.0000
1360,104.545,single_2d,13.0,0.0743,0.0000,-0.4634,-0.0459,-0.0000,-0.4834,-0.0000,-0.0000
1361,104.572,single_2d,13.0,0.0756,-0.0000,-0.4608,-0.0618,0.0000,-0.4807,-0.0000,-0.0000
1362,104.746,single_2d,13.0,0.0771,-0.0000,-0.4575,-0.0781,0.0000,-0.4772,-0.0000,-0.0000
1363,104.769,single_2d,13.0,0.0788,0.0000,-0.4555,-0.0937,-0.0000,-0.4730,-0.0000,-0.0000
1364,104.794,single_2d,13.0,0.0802,-0.0000,-0.4549,-0.1162,0.0000,-0.4684,-0.0000,-0.0000
1365,104.960,single_2d,13.0,0.0815,-0.0000,-0.4547,-0.1370,-0.0000,-0.4630,-0.0000,-0.0000
1366,104.982,single_2d,13.0,0.0819,0.0000,-0.4557,-0.1567,-0.0000,-0.4571,-0.0000,-0.0000
1367,105.007,single_2d,13.0,0.0835,0.0000,-0.4572,-0.1816,-0.0000,-0.4485,-0.0000,-0.0000
1368,105.185,single_2d,13.0,0.0877,-0.0000,-0.4588,-0.2037,0.0000,-0.4392,-0.0000,-0.0000
1369,105.210,single_2d,13.0,0.0923,0.0000,-0.4593,-0.2226,0.0000,-0.4292,-0.0000,-0.0000
1370,105.235,single_2d,13.0,0.0967,-0.0000,-0.4606,-0.2387,-0.0000,-0.4200,-0.0000,-0.0000
1371,105.403,single_2d,13.0,0.1030,0.0000,-0.4631,-0.2526,-0.0000,-0.4112,-0.0000,-0.0000
1372,105.426,single_2d,13.0,0.1071,0.0000,-0.4636,-0.2652,-0.0000,-0.4033,-0.0000,-0.0000
1373,105.452,single_2d,13.0,0.1095,-0.0000,-0.4649,-0.2757,-0.0000,-0.3941,-0.0000,-0.0000
1374,105.622,single_2d,13.0,0.1112,-0.0000,-0.4665,-0.2858,-0.0000,-0.3841,-0.0000,-0.0000
1375,105.645,single_2d,13.0,0.1112,0.0000,-0.4663,-0.2935,-0.0000,-0.3735,-0.0000,-0.0000
1376,105.676,single_2d,13.0,0.1056,-0.0000,-0.4645,-0.2968,0.0000,-0.3634,-0.0000,-0.0000
1377,105.847,single_2d,13.0,0.0972,0.0000,-0.4616,-0.2987,0.0000,-0.3538,-0.0000,-0.0000
1378,105.871,single_2d,13.0,0.0875,-0.0000,-0.4558,-0.2969,0.0000,-0.3447,-0.0000,-0.0000
1379,105.896,single_2d,13.0,0.0606,-0.0000,-0.4462,-0.2927,-0.0000,-0.3281,-0.0000,-0.0000
1380,106.059,single_2d,13.0,0.0344,0.0000,-0.4342,-0.2877,0.0000,-0.3118,-0.0000,-0.0000
1381,106.083,single_2d,13.0,0.0103,-0.0000,-0.4222,-0.2822,0.0000,-0.2966,-0.0000,-0.0000
1382,106.108,single_2d,13.0,-0.0260,0.0000,-0.4033,-0.2736,0.0000,-0.2818,-0.0000,-0.0000
1383,106.279,single_2d,13.0,-0.0597,0.0000,-0.3809,-0.2636,0.0000,-0.2664,-0.0000,-0.0000
1384,106.303,single_2d,13.0,-0.0933,0.0000,-0.3516,-0.2492,-0.0000,-0.2520,-0.0000,-0.0000
1385,106.328,single_2d,13.0,-0.1206,-0.0000,-0.3198,-0.2337,0.0000,-0.2355,-0.0000,-0.0000
1386,106.489,single_2d,13.0,-0.1428,-0.0000,-0.2876,-0.2314,-0.0000,-0.2054,-0.0000,-0.0000
1387,106.513,single_2d,13.0,-0.1572,-0.0000,-0.2593,-0.2217,0.0000,-0.1854,-0.0000,-0.0000
1388,106.542,single_2d,13.0,-0.1666,-0.0000,-0.2234,-0.2120,-0.0000,-0.1670,-0.0000,-0.0000
1389,106.713,single_2d,13.0,-0.1702,-0.0000,-0.1913,-0.2019,-0.0000,-0.1512,-0.0000,-0.0000
1390,106.737,single_2d,13.0,-0.1707,0.0000,-0.1647,-0.1896,0.0000,-0.1381,-0.0000,-0.0000
1391,106.764,single_2d,13.0,-0.1688,-0.0000,-0.1397,-0.1789,0.0000,-0.1276,-0.0000,-0.0000
1392,106.931,single_2d,13.0,-0.1654,-0.0000,-0.1173,-0.1650,-0.0000,-0.1196,-0.0000,-0.0000
1393,106.966,single_2d,13.0,-0.1549,-0.0000,-0.1010,-0.1501,0.0000,-0.1137,-0.0000,-0.0000
1394,106.997,single_2d,13.0,-0.1464,0.0000,-0.0879,-0.1385,0.0000,-0.1091,-0.0000,-0.0000
1395,107.158,single_2d,13.0,-0.1339,0.0000,-0.0752,-0.1306,-0.0000,-0.1041,-0.0000,-0.0000
1396,107.183,single_2d,13.0,-0.1259,-0.0000,-0.0677,-0.1190,-0.0000,-0.1048,-0.0000,-0.0000
1397,107.213,single_2d,13.0,-0.1124,-0.0000,-0.0634,-0.1040,-0.0000,-0.1093,-0.0000,-0.0000
1398,107.381,single_2d,13.0,-0.0995,-0.0000,-0.0595,-0.0905,0.0000,-0.1142,-0.0000,-0.0000
